Year,Country,Import Trade Value,Export Trade Value,Continent
2012,Angola,31662,13710387.0,Africa
2012,Burundi,286270,357465.0,Africa
2012,Benin,5867,1620531.0,Africa
2012,Burkina Faso,334813,32538117.0,Africa
2012,Botswana,173543,13742953.0,Africa
2012,Central African Republic,7294,33748.0,Africa
2012,Cote d'Ivoire,27134347,18977213.0,Africa
2012,Cameroon,994963,3997714.0,Africa
2012,Democratic Republic of the Congo,5340436,7132278.0,Africa
2012,Republic of the Congo,909274105,6183599.0,Africa
2012,Cape Verde,802322,12337.0,Africa
2012,Djibouti,497892,3720694.0,Africa
2012,Algeria,32917300,18582648.0,Africa
2012,Egypt,61765730,661592798.0,Africa
2012,Eritrea,2627,1669964.0,Africa
2012,Ethiopia,23037842,17527557.0,Africa
2012,Gabon,998080941,3241903.0,Africa
2012,Ghana,10005160,210852804.0,Africa
2012,Guinea,263638,18414578.0,Africa
2012,Gambia,39122,157560.0,Africa
2012,Equatorial Guinea,7497,657926.0,Africa
2012,Kenya,14062135,46854311.0,Africa
2012,Liberia,209421,2355525.0,Africa
2012,Libya,994500453,23985894.0,Africa
2012,Lesotho,2357230,317264.0,Africa
2012,Morocco,42883476,35795915.0,Africa
2012,Madagascar,2329776,21063772.0,Africa
2012,Mali,2258194,39711217.0,Africa
2012,Mozambique,9240590,56956546.0,Africa
2012,Mauritania,174373,25218516.0,Africa
2012,Mauritius,12684259,133425170.0,Africa
2012,Malawi,1569065,8855178.0,Africa
2012,Namibia,9923466,19272928.0,Africa
2012,Niger,2947670,4545681.0,Africa
2012,Nigeria,2633505886,355942118.0,Africa
2012,Rwanda,2111006,4190994.0,Africa
2012,Sudan,142045,313414238.0,Africa
2012,Senegal,911414,90205957.0,Africa
2012,Saint Helena,818190,105862.0,Africa
2012,Sierra Leone,2761686,10393485.0,Africa
2012,Somalia,20057,62134.0,Africa
2012,South Sudan,1748,192396.0,Africa
2012,Eswatini,6670264,734490.0,Africa
2012,Seychelles,7150390,27977735.0,Africa
2012,Togo,24011,3221958.0,Africa
2012,Tunisia,17905732,19019555.0,Africa
2012,Tanzania,10984486,113261661.0,Africa
2012,Uganda,3356650,4421654.0,Africa
2012,South Africa,944419806,1609398485.0,Africa
2012,Zambia,1402833,56310530.0,Africa
2012,Zimbabwe,1059006,11580861.0,Africa
2012,Afghanistan,1712966,8683918.0,Asia
2012,United Arab Emirates,2850040793,2256434709.0,Asia
2012,Armenia,297305,4219398.0,Asia
2012,Azerbaijan,34543873,20230743.0,Asia
2012,Bangladesh,401850047,520961595.0,Asia
2012,Bahrain,134516147,456159190.0,Asia
2012,Brunei,1062514356,47690372.0,Asia
2012,Bhutan,194217,789913.0,Asia
2012,Cocos (Keeling) Islands,230936,14799995.0,Asia
2012,China,43124925211,75165653080.0,Asia
2012,Christmas Island,6584883,36291176.0,Asia
2012,Cyprus,16563982,7103918.0,Asia
2012,Georgia,6241757,25027155.0,Asia
2012,Hong Kong,1380570332,3508896731.0,Asia
2012,Indonesia,6209780260,5067640256.0,Asia
2012,India,2849321929,15925150243.0,Asia
2012,Iran,25315909,424417807.0,Asia
2012,Iraq,6731,170576007.0,Asia
2012,Israel,734449067,255940635.0,Asia
2012,Jordan,15546392,195902189.0,Asia
2012,Japan,18701191325,50955152456.0,Asia
2012,Kazakhstan,32114789,74027808.0,Asia
2012,Kyrgyzstan,166969,5567545.0,Asia
2012,Cambodia,69492586,33650998.0,Asia
2012,South Korea,10360856427,21083685947.0,Asia
2012,Kuwait,42372550,473225610.0,Asia
2012,Laos,485150320,26846152.0,Asia
2012,Lebanon,14813214,44139354.0,Asia
2012,Sri Lanka,144449064,231742721.0,Asia
2012,Macau,11713467,57374580.0,Asia
2012,Maldives,1561461,28428025.0,Asia
2012,Burma,18585671,139084558.0,Asia
2012,Mongolia,837393,34087610.0,Asia
2012,Malaysia,9766320592,5442559648.0,Asia
2012,Nepal,5778875,25115064.0,Asia
2012,Oman,22482500,445242865.0,Asia
2012,Pakistan,217338439,761925598.0,Asia
2012,Philippines,556477185,1936311380.0,Asia
2012,Palestine,4195,12193760.0,Asia
2012,Qatar,544696453,281744269.0,Asia
2012,Saudi Arabia,544632437,1867793482.0,Asia
2012,Singapore,14834773608,6179465117.0,Asia
2012,Syria,1397680,2963284.0,Asia
2012,Thailand,10431790343,5267910583.0,Asia
2012,Tajikistan,251946,707438.0,Asia
2012,Turkmenistan,3913,560873.0,Asia
2012,Timor-Leste,1513896,19675699.0,Asia
2012,Turkey,480218341,952142906.0,Asia
2012,Uzbekistan,2226467,191486.0,Asia
2012,Vietnam,3158807233,1941260347.0,Asia
2012,Chinese Taipei,3983137066,8426423949.0,Asia
2012,Yemen,99098,575954366.0,Asia
2012,Albania,403435,3548112.0,Europe
2012,Andorra,5611,374239.0,Europe
2012,Austria,901363721,105562900.0,Europe
2012,Belgium,1551770889,1815992355.0,Europe
2012,Bulgaria,38297162,120570045.0,Europe
2012,Bosnia and Herzegovina,3012278,8569451.0,Europe
2012,Belarus,34768622,3503517.0,Europe
2012,Switzerland,3208016286,888473881.0,Europe
2012,Czechia,525816618,147564365.0,Europe
2012,Germany,11862750472,2440432749.0,Europe
2012,Denmark,1109960193,154448347.0,Europe
2012,Spain,2997684465,733836099.0,Europe
2012,Estonia,37512830,11271940.0,Europe
2012,Finland,854477252,221409204.0,Europe
2012,France,4048877171,1440122049.0,Europe
2012,United Kingdom,6706957925,5519265342.0,Europe
2012,Gibraltar,93728,795551.0,Europe
2012,Greece,174526066,30104631.0,Europe
2012,Croatia,45207875,4276976.0,Europe
2012,Hungary,271303845,25593617.0,Europe
2012,Ireland,1447010110,111068596.0,Europe
2012,Iceland,10067505,4760515.0,Europe
2012,Italy,4967733552,965899788.0,Europe
2012,Lithuania,54268578,6889076.0,Europe
2012,Luxembourg,46279274,4264769.0,Europe
2012,Latvia,8292992,7683138.0,Europe
2012,Moldova,2030465,487876.0,Europe
2012,North Macedonia,6028834,3059908.0,Europe
2012,Malta,12774718,39654961.0,Europe
2012,Montenegro,1237020,310670.0,Europe
2012,Netherlands,2459022124,2266546493.0,Europe
2012,Norway,371286363,113830040.0,Europe
2012,Poland,512805445,149396541.0,Europe
2012,Portugal,123376186,17018706.0,Europe
2012,Romania,57242830,28343363.0,Europe
2012,Russia,795824912,869802740.0,Europe
2012,Serbia,10417330,12015207.0,Europe
2012,Slovakia,198103700,50214350.0,Europe
2012,Slovenia,86752223,13527629.0,Europe
2012,Sweden,2349895524,328884653.0,Europe
2012,Ukraine,48159736,78980274.0,Europe
2012,Anguilla,21798,15844.0,North America
2012,Antigua and Barbuda,387286,731686.0,North America
2012,Bahamas,3321740,3099470.0,North America
2012,Belize,1385145,473744.0,North America
2012,Bermuda,87426376,974964.0,North America
2012,Barbados,287798,1824497.0,North America
2012,Canada,2221214719,2057591183.0,North America
2012,Costa Rica,54731432,16229041.0,North America
2012,Cuba,6454627,8385390.0,North America
2012,Cura?ao,1815226,963017.0,North America
2012,Cayman Islands,697799,144463.0,North America
2012,Dominica,599917,121435.0,North America
2012,Dominican Republic,25445554,14214883.0,North America
2012,Grenada,4784,385693.0,North America
2012,Guatemala,10457894,16335122.0,North America
2012,Honduras,17786952,4819400.0,North America
2012,Haiti,1270497,150864.0,North America
2012,Jamaica,546442,13191302.0,North America
2012,Saint Kitts and Nevis,48934,283543.0,North America
2012,Saint Lucia,161733,1179035.0,North America
2012,Mexico,1571049370,926745477.0,North America
2012,Nicaragua,18062156,4641587.0,North America
2012,Panama,8178707,36554164.0,North America
2012,El Salvador,8632290,29592590.0,North America
2012,Saint Pierre and Miquelon,150703,4140.0,North America
2012,Trinidad and Tobago,9828498,19247143.0,North America
2012,United States,28089766968,9017381212.0,North America
2012,Saint Vincent and the Grenadines,82409,1135164.0,North America
2012,British Virgin Islands,3680832,16616387.0,North America
2012,American Samoa,13435865,7357375.0,Oceania
2012,Cook Islands,115812,4951107.0,Oceania
2012,Fiji,218620982,369569559.0,Oceania
2012,Micronesia,4359,11709252.0,Oceania
2012,Guam,246422,15491824.0,Oceania
2012,Kiribati,311864,26438342.0,Oceania
2012,Marshall Islands,748693,1996495.0,Oceania
2012,New Caledonia,223021768,336709280.0,Oceania
2012,Norfolk Island,81621,4744846.0,Oceania
2012,Niue,6388,215998.0,Oceania
2012,Nauru,7543438,16326987.0,Oceania
2012,New Zealand,7895427294,6813468947.0,Oceania
2012,Pitcairn Islands,196599,638361.0,Oceania
2012,Palau,220,2948683.0,Oceania
2012,Papua New Guinea,3411113537,2526570817.0,Oceania
2012,French Polynesia,2903836,63119276.0,Oceania
2012,Solomon Islands,119802761,135226763.0,Oceania
2012,Tonga,2003636,12572089.0,Oceania
2012,Tuvalu,330329,1005861.0,Oceania
2012,Vanuatu,1545954,46069632.0,Oceania
2012,Samoa,39143231,27972174.0,Oceania
2012,Argentina,595711192,276147564.0,South America
2012,Bolivia,114655174,4412481.0,South America
2012,Brazil,599110699,1202828416.0,South America
2012,Chile,1315943902,472510684.0,South America
2012,Colombia,46404196,58953637.0,South America
2012,Ecuador,19780770,19133483.0,South America
2012,Guyana,795451,2874589.0,South America
2012,Peru,104639000,154599551.0,South America
2012,Paraguay,215546,5618654.0,South America
2012,Suriname,392159,2537434.0,South America
2012,Uruguay,3640038,10995490.0,South America
2012,Venezuela,980072,27404114.0,South America
2013,Angola,28853212,25015462.0,Africa
2013,Burundi,195880,3556184.0,Africa
2013,Benin,1525,2486112.0,Africa
2013,Burkina Faso,538365,17903617.0,Africa
2013,Botswana,6454485,17445664.0,Africa
2013,Central African Republic,10894,136921.0,Africa
2013,Cote d'Ivoire,8874090,31348218.0,Africa
2013,Cameroon,1945875,7295332.0,Africa
2013,Democratic Republic of the Congo,2403809,19150385.0,Africa
2013,Republic of the Congo,907186494,4811026.0,Africa
2013,Comoros,214117,143502.0,Africa
2013,Cape Verde,146337,3272.0,Africa
2013,Djibouti,371158,2975793.0,Africa
2013,Algeria,74815075,12912964.0,Africa
2013,Egypt,35454337,481326284.0,Africa
2013,Ethiopia,19535462,21072778.0,Africa
2013,Gabon,829536028,3646771.0,Africa
2013,Ghana,6779992,167726438.0,Africa
2013,Guinea,9422135,10557564.0,Africa
2013,Gambia,53230,34185.0,Africa
2013,Equatorial Guinea,26152577,76905.0,Africa
2013,Kenya,33036678,120148126.0,Africa
2013,Liberia,99565,2787208.0,Africa
2013,Libya,645336474,11176593.0,Africa
2013,Lesotho,922692,42659.0,Africa
2013,Morocco,24799954,62068144.0,Africa
2013,Madagascar,4349053,18079412.0,Africa
2013,Mali,1382048,32964933.0,Africa
2013,Mozambique,18761570,93316046.0,Africa
2013,Mauritania,21836,34235732.0,Africa
2013,Mauritius,11810137,135651938.0,Africa
2013,Malawi,337445,37064152.0,Africa
2013,Namibia,10383513,21816195.0,Africa
2013,Niger,877572,2442981.0,Africa
2013,Nigeria,1803660346,178614888.0,Africa
2013,Rwanda,856768,17667069.0,Africa
2013,Sudan,198195,571596540.0,Africa
2013,Senegal,383386,64403950.0,Africa
2013,Saint Helena,32272,172325.0,Africa
2013,Sierra Leone,14505164,6936466.0,Africa
2013,Somalia,37823,126284.0,Africa
2013,South Sudan,16631,174956.0,Africa
2013,Sao Tome and Principe,91364,101329.0,Africa
2013,Eswatini,5782087,773036.0,Africa
2013,Seychelles,6890064,32429421.0,Africa
2013,Togo,19256,3845254.0,Africa
2013,Tunisia,17456826,9522023.0,Africa
2013,Tanzania,9747537,149273888.0,Africa
2013,Uganda,2319958,25514569.0,Africa
2013,South Africa,907035039,1415330360.0,Africa
2013,Zambia,3451830,63191806.0,Africa
2013,Zimbabwe,317970,32360785.0,Africa
2013,Afghanistan,999836,6560742.0,Asia
2013,United Arab Emirates,3286595075,2554743718.0,Asia
2013,Armenia,601280,8496071.0,Asia
2013,Azerbaijan,242439913,15811833.0,Asia
2013,Bangladesh,465187810,566346060.0,Asia
2013,Bahrain,141747400,416895913.0,Asia
2013,Brunei,767022094,53118653.0,Asia
2013,Bhutan,517491,159906.0,Asia
2013,Cocos (Keeling) Islands,242660,4557402.0,Asia
2013,China,42704564797,90462961515.0,Asia
2013,Christmas Island,2372931,38466270.0,Asia
2013,Cyprus,19805311,5526605.0,Asia
2013,Georgia,2580787,32851780.0,Asia
2013,Hong Kong,1265876815,10439899330.0,Asia
2013,Indonesia,5564041728,4915713013.0,Asia
2013,India,2463030673,12628301373.0,Asia
2013,Iran,24991303,285798011.0,Asia
2013,Iraq,7647,575465341.0,Asia
2013,Israel,738512924,224480321.0,Asia
2013,Jordan,12184373,205595743.0,Asia
2013,Japan,17220437732,46688650329.0,Asia
2013,Kazakhstan,7601095,92395124.0,Asia
2013,Kyrgyzstan,245654,2913735.0,Asia
2013,Cambodia,112008143,33973710.0,Asia
2013,South Korea,9550175385,19704852203.0,Asia
2013,Kuwait,94072201,550442885.0,Asia
2013,Laos,771540346,35011625.0,Asia
2013,Lebanon,15476015,55084472.0,Asia
2013,Sri Lanka,169338674,213491823.0,Asia
2013,Macau,10449932,49849625.0,Asia
2013,Maldives,899869,34119745.0,Asia
2013,Burma,27107247,169391920.0,Asia
2013,Mongolia,8671472,38047441.0,Asia
2013,Malaysia,9540788284,6154426914.0,Asia
2013,Nepal,7213543,21091228.0,Asia
2013,Oman,79591292,324143391.0,Asia
2013,Pakistan,299404360,456959612.0,Asia
2013,Philippines,780029493,1340932834.0,Asia
2013,Palestine,20983,4834924.0,Asia
2013,Qatar,791320351,564291540.0,Asia
2013,Saudi Arabia,352303286,2018240741.0,Asia
2013,Singapore,12920726034,5203991827.0,Asia
2013,Syria,1192969,415292.0,Asia
2013,Thailand,10674497738,5131309159.0,Asia
2013,Tajikistan,1725,671518.0,Asia
2013,Timor-Leste,7372039,22745404.0,Asia
2013,Turkey,718869237,1831756890.0,Asia
2013,Uzbekistan,1762767,2585989.0,Asia
2013,Vietnam,3568559476,2119280229.0,Asia
2013,Chinese Taipei,3877332560,7324216513.0,Asia
2013,Yemen,91253,561471865.0,Asia
2013,Albania,615470,3103299.0,Europe
2013,Andorra,20584,275543.0,Europe
2013,Austria,948269702,91233075.0,Europe
2013,Belgium,1555877087,1100443346.0,Europe
2013,Bulgaria,46261525,170676334.0,Europe
2013,Bosnia and Herzegovina,3795468,11417494.0,Europe
2013,Belarus,14506118,4844843.0,Europe
2013,Switzerland,3310842695,804053321.0,Europe
2013,Czechia,688440139,158568180.0,Europe
2013,Germany,11191145916,1901947455.0,Europe
2013,Denmark,1025029468,177306097.0,Europe
2013,Spain,2748955244,525150059.0,Europe
2013,Estonia,40560992,7994792.0,Europe
2013,Finland,715631012,136803304.0,Europe
2013,France,3852502130,1425438422.0,Europe
2013,United Kingdom,6044648170,3728053759.0,Europe
2013,Greece,170807613,12268364.0,Europe
2013,Croatia,26731605,2209476.0,Europe
2013,Hungary,273903612,38858685.0,Europe
2013,Ireland,1366930013,91469213.0,Europe
2013,Iceland,10231496,3244026.0,Europe
2013,Italy,5083301752,820276277.0,Europe
2013,Lithuania,49869290,6176909.0,Europe
2013,Luxembourg,75040402,12431599.0,Europe
2013,Latvia,12542538,13178287.0,Europe
2013,Moldova,1604780,2133155.0,Europe
2013,North Macedonia,6858314,2023864.0,Europe
2013,Malta,19049562,16805652.0,Europe
2013,Montenegro,250779,183721.0,Europe
2013,Netherlands,2237304471,1833024308.0,Europe
2013,Norway,386414554,138351554.0,Europe
2013,Poland,533260789,263059159.0,Europe
2013,Portugal,134456650,24999790.0,Europe
2013,Romania,63294672,26322674.0,Europe
2013,Russia,887679434,801171322.0,Europe
2013,Serbia,13723114,8567335.0,Europe
2013,Slovakia,315233498,43175710.0,Europe
2013,Slovenia,109923452,62734800.0,Europe
2013,Sweden,1921663008,358295400.0,Europe
2013,Ukraine,44252908,50531841.0,Europe
2013,Antigua and Barbuda,14326,2199533.0,North America
2013,Bahamas,6074439,4568681.0,North America
2013,Belize,2882234,332605.0,North America
2013,Bermuda,20852796,395349.0,North America
2013,Barbados,2590741,4041530.0,North America
2013,Canada,1842569811,1760939768.0,North America
2013,Costa Rica,45124741,8168879.0,North America
2013,Cuba,7206163,2647811.0,North America
2013,Cayman Islands,661291,199648.0,North America
2013,Dominica,257460,130124.0,North America
2013,Dominican Republic,27784087,14270225.0,North America
2013,Grenada,52462,74589.0,North America
2013,Guatemala,9348270,12606567.0,North America
2013,Honduras,29977479,1449276.0,North America
2013,Haiti,1660159,524418.0,North America
2013,Jamaica,587298,12241830.0,North America
2013,Saint Kitts and Nevis,146055,515434.0,North America
2013,Saint Lucia,6325,1638762.0,North America
2013,Mexico,1507091832,476589865.0,North America
2013,Montserrat,12451,52.0,North America
2013,Nicaragua,13541273,2612283.0,North America
2013,Panama,7826075,56074538.0,North America
2013,El Salvador,8322558,26572258.0,North America
2013,Turks and Caicos Islands,6110,9834.0,North America
2013,Trinidad and Tobago,15127826,20447440.0,North America
2013,United States,23644080383,8513730246.0,North America
2013,British Virgin Islands,4720719,109275.0,North America
2013,American Samoa,7751728,3988324.0,Oceania
2013,Cook Islands,382727,5082780.0,Oceania
2013,Fiji,178331475,362649858.0,Oceania
2013,Micronesia,33596,13738952.0,Oceania
2013,Guam,65241,12607239.0,Oceania
2013,Kiribati,672878,26059038.0,Oceania
2013,Marshall Islands,361061,2586304.0,Oceania
2013,Northern Mariana Islands,1694,1947606.0,Oceania
2013,New Caledonia,164775448,279813138.0,Oceania
2013,Norfolk Island,28284,3433893.0,Oceania
2013,Niue,1631,394456.0,Oceania
2013,Nauru,12627210,105053289.0,Oceania
2013,New Zealand,7383804397,6246694589.0,Oceania
2013,Pitcairn Islands,43913,1009151.0,Oceania
2013,Palau,5720,1218459.0,Oceania
2013,Papua New Guinea,2831444907,2117430586.0,Oceania
2013,French Polynesia,1832429,54460592.0,Oceania
2013,Solomon Islands,94049803,132845144.0,Oceania
2013,Tonga,2223831,11203110.0,Oceania
2013,Tuvalu,389709,991745.0,Oceania
2013,Vanuatu,1837661,42323930.0,Oceania
2013,Samoa,29386381,26052062.0,Oceania
2013,Argentina,748219371,195972063.0,South America
2013,Bolivia,164449098,5324506.0,South America
2013,Brazil,544163642,1091058883.0,South America
2013,Chile,928680563,389431013.0,South America
2013,Colombia,52250259,73064927.0,South America
2013,Ecuador,22264787,22660639.0,South America
2013,Falkland Islands,48299,62033.0,South America
2013,Guyana,552625,2624485.0,South America
2013,Peru,141718729,128232858.0,South America
2013,Paraguay,800419,3641667.0,South America
2013,Suriname,278029,4699785.0,South America
2013,Uruguay,3304562,21194676.0,South America
2013,Venezuela,1369535,13535601.0,South America
2014,Angola,93899862,23935816.0,Africa
2014,Burundi,341357,1660127.0,Africa
2014,Benin,170548,3689829.0,Africa
2014,Burkina Faso,85642,11384306.0,Africa
2014,Botswana,220733,9435276.0,Africa
2014,Cote d'Ivoire,17831153,13915422.0,Africa
2014,Cameroon,864987,5021787.0,Africa
2014,Democratic Republic of the Congo,142343,11093131.0,Africa
2014,Republic of the Congo,779203972,4515208.0,Africa
2014,Comoros,480821,294559.0,Africa
2014,Cape Verde,138834,16515.0,Africa
2014,Djibouti,308771,2296714.0,Africa
2014,Algeria,1633894,62878856.0,Africa
2014,Egypt,43354133,521549999.0,Africa
2014,Eritrea,4319,1594025.0,Africa
2014,Ethiopia,21561965,15828683.0,Africa
2014,Gabon,944765819,4273736.0,Africa
2014,Ghana,126193072,60738973.0,Africa
2014,Guinea,308065,5915158.0,Africa
2014,Gambia,197337,16438.0,Africa
2014,Equatorial Guinea,27847195,929827.0,Africa
2014,Kenya,31054715,76876382.0,Africa
2014,Liberia,322213,12610421.0,Africa
2014,Libya,58858,19069121.0,Africa
2014,Lesotho,1930866,12263.0,Africa
2014,Morocco,79804763,86403980.0,Africa
2014,Madagascar,6001468,17199306.0,Africa
2014,Mali,20310427,11727770.0,Africa
2014,Mozambique,1012708,67073199.0,Africa
2014,Mauritania,13891,17800445.0,Africa
2014,Mauritius,13399308,141798599.0,Africa
2014,Malawi,471871,19763408.0,Africa
2014,Namibia,7730004,27476177.0,Africa
2014,Niger,2061166,2021480.0,Africa
2014,Nigeria,1292882720,214320070.0,Africa
2014,Rwanda,907231,4123549.0,Africa
2014,Sudan,214297,485002299.0,Africa
2014,Senegal,486078,14007311.0,Africa
2014,Saint Helena,654547,178881.0,Africa
2014,Sierra Leone,1663887,16416156.0,Africa
2014,Somalia,51807,143274.0,Africa
2014,South Sudan,33019,28644.0,Africa
2014,Sao Tome and Principe,178263,1662.0,Africa
2014,Eswatini,2377384,308028.0,Africa
2014,Seychelles,6786976,11634410.0,Africa
2014,Chad,102176,985859.0,Africa
2014,Togo,6263663,1877434.0,Africa
2014,Tunisia,18863558,9549843.0,Africa
2014,Tanzania,81802224,98273991.0,Africa
2014,Uganda,2430888,20080436.0,Africa
2014,South Africa,887281504,1155898698.0,Africa
2014,Zambia,348227573,92361483.0,Africa
2014,Zimbabwe,318552,7306781.0,Africa
2014,Afghanistan,2135407,4419717.0,Asia
2014,United Arab Emirates,2326144991,2568599329.0,Asia
2014,Armenia,348859,8194265.0,Asia
2014,Azerbaijan,67986997,12052704.0,Asia
2014,Bangladesh,501800550,491661112.0,Asia
2014,Bahrain,222745670,772841617.0,Asia
2014,Brunei,887371320,47578444.0,Asia
2014,Bhutan,174172,56864.0,Asia
2014,Cocos (Keeling) Islands,289755,4413395.0,Asia
2014,China,43714851138,82463685147.0,Asia
2014,Christmas Island,5832541,30034496.0,Asia
2014,Cyprus,23162008,14261171.0,Asia
2014,Georgia,5501219,6308997.0,Asia
2014,Hong Kong,1138269516,3975224325.0,Asia
2014,Indonesia,5691119351,5186275494.0,Asia
2014,India,2797076116,14197500511.0,Asia
2014,Iran,32300773,445549195.0,Asia
2014,Iraq,439263,278350780.0,Asia
2014,Israel,761226827,213892332.0,Asia
2014,Jordan,26407170,210450886.0,Asia
2014,Japan,14860146962,44370984655.0,Asia
2014,Kazakhstan,8921389,72744988.0,Asia
2014,Kyrgyzstan,245894,4630968.0,Asia
2014,Cambodia,149284900,51477918.0,Asia
2014,South Korea,9947391753,18884539552.0,Asia
2014,Kuwait,14012256,598874593.0,Asia
2014,Laos,104625562,32972511.0,Asia
2014,Lebanon,16360503,49004772.0,Asia
2014,Sri Lanka,170202621,240472477.0,Asia
2014,Macau,15254318,47562541.0,Asia
2014,Maldives,662608,36134234.0,Asia
2014,Burma,28217698,188572050.0,Asia
2014,Mongolia,1311426,14970784.0,Asia
2014,Malaysia,10549209032,6992088194.0,Asia
2014,Nepal,7777935,23964718.0,Asia
2014,Oman,35023958,312476105.0,Asia
2014,Pakistan,207774398,418150631.0,Asia
2014,Philippines,1342283436,1431467419.0,Asia
2014,Qatar,595400220,466906114.0,Asia
2014,Saudi Arabia,488863136,1941914657.0,Asia
2014,Singapore,11624116580,8042671846.0,Asia
2014,Syria,744514,454309.0,Asia
2014,Thailand,9589533658,5012704171.0,Asia
2014,Tajikistan,888,969870.0,Asia
2014,Turkmenistan,388776,842343.0,Asia
2014,Timor-Leste,2627560,28623392.0,Asia
2014,Turkey,631689083,807932999.0,Asia
2014,Uzbekistan,1438934,1073217.0,Asia
2014,Vietnam,4245239206,2865020183.0,Asia
2014,Chinese Taipei,3870813884,6918109144.0,Asia
2014,Yemen,301490,585825316.0,Asia
2014,Albania,761136,2088408.0,Europe
2014,Andorra,90643,207808.0,Europe
2014,Austria,1043768050,121758887.0,Europe
2014,Belgium,1500940422,1094601345.0,Europe
2014,Bulgaria,38909553,149104903.0,Europe
2014,Bosnia and Herzegovina,5102556,6288316.0,Europe
2014,Belarus,4096533,569470.0,Europe
2014,Switzerland,2889483486,606534686.0,Europe
2014,Czechia,613039970,147755499.0,Europe
2014,Germany,10276200892,1730048534.0,Europe
2014,Denmark,932578288,101038888.0,Europe
2014,Spain,1899520942,741673278.0,Europe
2014,Estonia,36815975,9258664.0,Europe
2014,Finland,674335225,73091715.0,Europe
2014,France,3626188258,1146844717.0,Europe
2014,United Kingdom,5745740920,3473382945.0,Europe
2014,Gibraltar,296665,215390.0,Europe
2014,Greece,189748591,14902543.0,Europe
2014,Croatia,23944070,4478113.0,Europe
2014,Hungary,367892222,28662198.0,Europe
2014,Ireland,1384919413,72577173.0,Europe
2014,Iceland,39159426,5906699.0,Europe
2014,Italy,4931221158,687662377.0,Europe
2014,Lithuania,36057603,4885150.0,Europe
2014,Luxembourg,27596546,12867689.0,Europe
2014,Latvia,17794352,6845035.0,Europe
2014,Moldova,1392393,898941.0,Europe
2014,North Macedonia,7266972,2366645.0,Europe
2014,Malta,16940083,15482980.0,Europe
2014,Montenegro,380199,282272.0,Europe
2014,Netherlands,2238484518,1737387561.0,Europe
2014,Norway,371808033,226185857.0,Europe
2014,Poland,794038730,349207526.0,Europe
2014,Portugal,136232521,20251108.0,Europe
2014,Romania,90377276,34640557.0,Europe
2014,Russia,243086673,593225295.0,Europe
2014,Serbia,12934117,5187202.0,Europe
2014,Slovakia,353414701,39845897.0,Europe
2014,Slovenia,101995493,28206400.0,Europe
2014,Sweden,1625228136,313601943.0,Europe
2014,Ukraine,27168168,132326138.0,Europe
2014,Anguilla,5054,10937.0,North America
2014,Antigua and Barbuda,83660,966851.0,North America
2014,Bahamas,4961030,5540742.0,North America
2014,Belize,2038446,829880.0,North America
2014,Bermuda,9030508,638590.0,North America
2014,Barbados,572325,4883341.0,North America
2014,Canada,1750928386,1288096828.0,North America
2014,Costa Rica,55280261,8372657.0,North America
2014,Cuba,7961675,4208639.0,North America
2014,Cura?ao,532574,934468.0,North America
2014,Cayman Islands,1134473,260511.0,North America
2014,Dominica,274733,99561.0,North America
2014,Dominican Republic,28860100,18808349.0,North America
2014,Grenada,57811,110305.0,North America
2014,Greenland,165,11557759.0,North America
2014,Guatemala,11082295,8664506.0,North America
2014,Honduras,69826643,3885309.0,North America
2014,Haiti,1214068,139102.0,North America
2014,Jamaica,1214394,15212428.0,North America
2014,Saint Kitts and Nevis,95161,624899.0,North America
2014,Saint Lucia,61924,1310753.0,North America
2014,Mexico,1474143554,480923806.0,North America
2014,Nicaragua,11391956,3434618.0,North America
2014,Panama,8615834,40103981.0,North America
2014,El Salvador,16910923,34651833.0,North America
2014,Turks and Caicos Islands,160231,25523.0,North America
2014,Trinidad and Tobago,12828053,25101037.0,North America
2014,United States,23826186984,10191161975.0,North America
2014,Saint Vincent and the Grenadines,186,946983.0,North America
2014,British Virgin Islands,6725890,70453.0,North America
2014,American Samoa,12878601,5582333.0,Oceania
2014,Cook Islands,452057,5799595.0,Oceania
2014,Fiji,179194417,377429935.0,Oceania
2014,Micronesia,79756,2153112.0,Oceania
2014,Guam,75514,9739599.0,Oceania
2014,Kiribati,541270,26251029.0,Oceania
2014,Marshall Islands,494944,1791770.0,Oceania
2014,Northern Mariana Islands,35215,924810.0,Oceania
2014,New Caledonia,355224635,299290570.0,Oceania
2014,Norfolk Island,14951,2516974.0,Oceania
2014,Niue,45121,147632.0,Oceania
2014,Nauru,4289278,64056396.0,Oceania
2014,New Zealand,7230818161,6372601775.0,Oceania
2014,Pitcairn Islands,13798,153712.0,Oceania
2014,Palau,180094,1473233.0,Oceania
2014,Papua New Guinea,3225046403,1715181748.0,Oceania
2014,French Polynesia,1791596,49098906.0,Oceania
2014,Solomon Islands,39224535,124197428.0,Oceania
2014,Tonga,1771219,12970288.0,Oceania
2014,Tuvalu,261562,1149571.0,Oceania
2014,Vanuatu,1624277,46069563.0,Oceania
2014,Samoa,24082408,32614650.0,Oceania
2014,Argentina,716368567,151062263.0,South America
2014,Bolivia,126823312,7035804.0,South America
2014,Brazil,453665853,1138195209.0,South America
2014,Chile,1026885854,279249899.0,South America
2014,Colombia,58589196,56061440.0,South America
2014,Ecuador,19095673,18847904.0,South America
2014,Falkland Islands,33514,1994843.0,South America
2014,Guyana,465746,18799736.0,South America
2014,Peru,135034250,132320701.0,South America
2014,Paraguay,1651425,1360953.0,South America
2014,Suriname,185741,3524261.0,South America
2014,Uruguay,9479823,12102519.0,South America
2014,Venezuela,828794,7004642.0,South America
2015,Angola,18147501,11545089.0,Africa
2015,Burundi,525083,876351.0,Africa
2015,Benin,5430,1450206.0,Africa
2015,Burkina Faso,77831,20727025.0,Africa
2015,Botswana,6222189,19715899.0,Africa
2015,Central African Republic,140827,945968.0,Africa
2015,Cote d'Ivoire,14153124,24268283.0,Africa
2015,Cameroon,659801,5274856.0,Africa
2015,Democratic Republic of the Congo,648543,62844903.0,Africa
2015,Republic of the Congo,85936976,5950820.0,Africa
2015,Comoros,39708,451297.0,Africa
2015,Cape Verde,192493,7007.0,Africa
2015,Djibouti,824301,1478694.0,Africa
2015,Algeria,2229769,17528868.0,Africa
2015,Egypt,38334718,488640288.0,Africa
2015,Eritrea,155612,6037589.0,Africa
2015,Ethiopia,20220941,10116534.0,Africa
2015,Gabon,404575178,3496349.0,Africa
2015,Ghana,7142605,94905598.0,Africa
2015,Guinea,237069,3653102.0,Africa
2015,Gambia,1888,60160.0,Africa
2015,Equatorial Guinea,32112189,4225533.0,Africa
2015,Kenya,26755871,62657677.0,Africa
2015,Liberia,16424,1394267.0,Africa
2015,Libya,791,3577456.0,Africa
2015,Lesotho,797567,55940.0,Africa
2015,Morocco,30130453,24787288.0,Africa
2015,Madagascar,4647592,11964384.0,Africa
2015,Mali,4121368,10188639.0,Africa
2015,Mozambique,2803003,104015445.0,Africa
2015,Mauritania,56281,6203385.0,Africa
2015,Mauritius,17841164,115206586.0,Africa
2015,Malawi,2100351,15922086.0,Africa
2015,Namibia,8027702,22258042.0,Africa
2015,Niger,1216545,1155581.0,Africa
2015,Nigeria,46310221,252217338.0,Africa
2015,Rwanda,1365965,3724076.0,Africa
2015,Sudan,1229950,67615758.0,Africa
2015,Senegal,1005547,20039813.0,Africa
2015,Saint Helena,706561,267519.0,Africa
2015,Sierra Leone,1744717,3634120.0,Africa
2015,Somalia,13294,216261.0,Africa
2015,South Sudan,2357,255738.0,Africa
2015,Eswatini,1807426,473764.0,Africa
2015,Seychelles,3181915,9547202.0,Africa
2015,Chad,92443,630293.0,Africa
2015,Togo,17781877,3211402.0,Africa
2015,Tunisia,20078482,10514063.0,Africa
2015,Tanzania,7673179,110630407.0,Africa
2015,Uganda,1691061,9781254.0,Africa
2015,South Africa,916049206,1070728509.0,Africa
2015,Zambia,211391922,45489979.0,Africa
2015,Zimbabwe,775426,2114613.0,Africa
2015,Afghanistan,1000878,1660357.0,Asia
2015,United Arab Emirates,1646727175,2383113203.0,Asia
2015,Armenia,362673,4298768.0,Asia
2015,Azerbaijan,615113,9290084.0,Asia
2015,Bangladesh,649261402,575448905.0,Asia
2015,Bahrain,32235234,730368183.0,Asia
2015,Brunei,288903831,43689026.0,Asia
2015,Bhutan,304672,67303.0,Asia
2015,Cocos (Keeling) Islands,71469,4411317.0,Asia
2015,China,44041467487,69441150587.0,Asia
2015,Christmas Island,936266,14860133.0,Asia
2015,Cyprus,19191206,4477664.0,Asia
2015,Georgia,3176361,5478454.0,Asia
2015,Hong Kong,1163323104,2970927164.0,Asia
2015,Indonesia,4500886500,4410524682.0,Asia
2015,India,3499003765,12983121763.0,Asia
2015,Iran,30613964,87599656.0,Asia
2015,Iraq,64799,27740124.0,Asia
2015,Israel,609822270,219613769.0,Asia
2015,Jordan,29153023,180331787.0,Asia
2015,Japan,14120204053,31134088346.0,Asia
2015,Kazakhstan,8013351,54705288.0,Asia
2015,Kyrgyzstan,76091,3056890.0,Asia
2015,Cambodia,176165340,50804890.0,Asia
2015,South Korea,11424099209,15138536523.0,Asia
2015,Kuwait,9779262,553088867.0,Asia
2015,Laos,3264583,21883036.0,Asia
2015,Lebanon,13965244,50588140.0,Asia
2015,Sri Lanka,164259540,270475051.0,Asia
2015,Macau,14731811,36085941.0,Asia
2015,Maldives,539526,33135916.0,Asia
2015,Burma,35694106,152874153.0,Asia
2015,Mongolia,10030934,11487648.0,Asia
2015,Malaysia,7679941160,4687554863.0,Asia
2015,Nepal,6859077,35927627.0,Asia
2015,Oman,60156129,307813281.0,Asia
2015,Pakistan,226606198,591870825.0,Asia
2015,Philippines,626664396,1241628787.0,Asia
2015,Palestine,33926,5439698.0,Asia
2015,Qatar,332875343,392687841.0,Asia
2015,Saudi Arabia,414585605,1681796802.0,Asia
2015,Singapore,7314474216,5350424061.0,Asia
2015,Syria,1110766,645521.0,Asia
2015,Thailand,10192371614,3589732275.0,Asia
2015,Tajikistan,5107,29806.0,Asia
2015,Turkmenistan,926471,563978.0,Asia
2015,Timor-Leste,975063,18473737.0,Asia
2015,Turkey,590219377,551053898.0,Asia
2015,Uzbekistan,1114427,889140.0,Asia
2015,Vietnam,3182957937,2646589489.0,Asia
2015,Chinese Taipei,3441659793,5295245244.0,Asia
2015,Yemen,150925,557338846.0,Asia
2015,Albania,696188,1761531.0,Europe
2015,Andorra,39832,141119.0,Europe
2015,Austria,845844346,108461173.0,Europe
2015,Belgium,1281073343,796164179.0,Europe
2015,Bulgaria,40084421,139542436.0,Europe
2015,Bosnia and Herzegovina,6159208,1897179.0,Europe
2015,Belarus,3716103,8778563.0,Europe
2015,Switzerland,2518634984,778633427.0,Europe
2015,Czechia,551291576,138292132.0,Europe
2015,Germany,9130153108,1502787741.0,Europe
2015,Denmark,884949603,119731618.0,Europe
2015,Spain,1674719763,496265683.0,Europe
2015,Estonia,46772355,8044921.0,Europe
2015,Finland,498447473,100732279.0,Europe
2015,France,2767088863,1037046612.0,Europe
2015,United Kingdom,5575965313,2892117654.0,Europe
2015,Gibraltar,18676,2033258.0,Europe
2015,Greece,158411635,12774445.0,Europe
2015,Croatia,24173487,3516209.0,Europe
2015,Hungary,439388540,48275175.0,Europe
2015,Ireland,1563263168,73943234.0,Europe
2015,Iceland,19824552,15626604.0,Europe
2015,Italy,4050366449,583827435.0,Europe
2015,Lithuania,36539641,7299650.0,Europe
2015,Luxembourg,27863445,18740433.0,Europe
2015,Latvia,22252870,4508691.0,Europe
2015,Moldova,1135989,723918.0,Europe
2015,North Macedonia,6570440,1740859.0,Europe
2015,Malta,16162566,36703982.0,Europe
2015,Montenegro,542402,308426.0,Europe
2015,Netherlands,1865966119,1748430321.0,Europe
2015,Norway,303688391,91350890.0,Europe
2015,Poland,636121831,290572794.0,Europe
2015,Portugal,137673868,39289461.0,Europe
2015,Romania,84715508,41399438.0,Europe
2015,Russia,246846329,506248228.0,Europe
2015,Serbia,12529559,4904449.0,Europe
2015,Slovakia,324441200,51146230.0,Europe
2015,Slovenia,89115588,45902930.0,Europe
2015,Sweden,1409306638,250454781.0,Europe
2015,Ukraine,16389598,132634675.0,Europe
2015,Anguilla,98140,2041.0,North America
2015,Antigua and Barbuda,1324101,638392.0,North America
2015,Bahamas,13146524,2998415.0,North America
2015,Belize,1433856,156666.0,North America
2015,Bermuda,1570337,641822.0,North America
2015,Barbados,178108,4065040.0,North America
2015,Canada,1553012050,1386907522.0,North America
2015,Costa Rica,51457425,9326572.0,North America
2015,Cuba,9279939,519578.0,North America
2015,Cura?ao,527902,770982.0,North America
2015,Cayman Islands,7924279,199829.0,North America
2015,Dominica,257406,378252.0,North America
2015,Dominican Republic,25203108,14243072.0,North America
2015,Grenada,64272,513933.0,North America
2015,Guatemala,22064290,13591245.0,North America
2015,Honduras,34369184,4265553.0,North America
2015,Haiti,1672102,495033.0,North America
2015,Jamaica,774720,30119824.0,North America
2015,Saint Kitts and Nevis,29776,751518.0,North America
2015,Saint Lucia,121763,1306229.0,North America
2015,Mexico,1626222899,464423146.0,North America
2015,Montserrat,50271,28989.0,North America
2015,Nicaragua,12870550,6810243.0,North America
2015,Panama,7641097,46064750.0,North America
2015,El Salvador,20250821,30150386.0,North America
2015,Turks and Caicos Islands,16729,21014.0,North America
2015,Trinidad and Tobago,8315740,25394150.0,North America
2015,United States,22748453442,10128152209.0,North America
2015,Saint Vincent and the Grenadines,4080,995525.0,North America
2015,British Virgin Islands,7406696,289746.0,North America
2015,American Samoa,10654620,6921804.0,Oceania
2015,Cook Islands,883115,4161620.0,Oceania
2015,Fiji,164989599,337459203.0,Oceania
2015,Micronesia,21827,1946971.0,Oceania
2015,Guam,2474248,8344862.0,Oceania
2015,Kiribati,639578,24207359.0,Oceania
2015,Marshall Islands,355479,2218155.0,Oceania
2015,Northern Mariana Islands,3264,2133971.0,Oceania
2015,New Caledonia,112626092,285027176.0,Oceania
2015,Norfolk Island,53898,4661441.0,Oceania
2015,Niue,8918,91156.0,Oceania
2015,Nauru,9468263,34239878.0,Oceania
2015,New Zealand,5802307363,5618700044.0,Oceania
2015,Pitcairn Islands,588135,42807.0,Oceania
2015,Palau,32385,3711458.0,Oceania
2015,Papua New Guinea,2213936882,1140260147.0,Oceania
2015,French Polynesia,2347946,42937777.0,Oceania
2015,Solomon Islands,9105396,128049165.0,Oceania
2015,Tonga,1026452,7916102.0,Oceania
2015,Tuvalu,392589,4417730.0,Oceania
2015,Vanuatu,1778260,41332226.0,Oceania
2015,Samoa,30205643,36155807.0,Oceania
2015,Argentina,630511912,271661548.0,South America
2015,Bolivia,90570191,4102466.0,South America
2015,Brazil,434902939,993116416.0,South America
2015,Chile,475927464,267759234.0,South America
2015,Colombia,56167296,45352689.0,South America
2015,Ecuador,26960554,19214569.0,South America
2015,Falkland Islands,67433,9922486.0,South America
2015,Guyana,234923,6616138.0,South America
2015,Peru,106105666,128566378.0,South America
2015,Paraguay,2565234,3987479.0,South America
2015,Suriname,344243,3943523.0,South America
2015,Uruguay,4233043,10667507.0,South America
2015,Venezuela,1730748,23324710.0,South America
2016,Angola,9356545,7231795.0,Africa
2016,Burundi,168083,561760.0,Africa
2016,Benin,6396,3530170.0,Africa
2016,Burkina Faso,131431,21000425.0,Africa
2016,Botswana,963363,6851170.0,Africa
2016,Central African Republic,2826,938108.0,Africa
2016,Cote d'Ivoire,10253255,33263872.0,Africa
2016,Cameroon,586219,8761471.0,Africa
2016,Democratic Republic of the Congo,355688,71872519.0,Africa
2016,Republic of the Congo,99968468,1895209.0,Africa
2016,Comoros,10946,6087.0,Africa
2016,Cape Verde,86505,331515.0,Africa
2016,Djibouti,844839,2930295.0,Africa
2016,Algeria,187038888,16146784.0,Africa
2016,Egypt,33838244,369765297.0,Africa
2016,Eritrea,23468,1233519.0,Africa
2016,Ethiopia,18092797,14236908.0,Africa
2016,Gabon,392041651,1167638.0,Africa
2016,Ghana,8502900,111964971.0,Africa
2016,Guinea,129326,5774413.0,Africa
2016,Gambia,6951,42629.0,Africa
2016,Equatorial Guinea,58478638,48031.0,Africa
2016,Kenya,22446705,54212287.0,Africa
2016,Liberia,39100,873588.0,Africa
2016,Libya,22715643,1605451.0,Africa
2016,Lesotho,844046,1079200.0,Africa
2016,Morocco,51864126,34562105.0,Africa
2016,Madagascar,8652543,9743468.0,Africa
2016,Mali,8501628,24940236.0,Africa
2016,Mozambique,1081420,340947287.0,Africa
2016,Mauritania,183954,9345952.0,Africa
2016,Mauritius,21579245,84753104.0,Africa
2016,Malawi,46921,24978343.0,Africa
2016,Namibia,7599246,17816483.0,Africa
2016,Niger,1252068,2271483.0,Africa
2016,Nigeria,57468995,256485115.0,Africa
2016,Rwanda,1172073,2784270.0,Africa
2016,Sudan,674523,37231992.0,Africa
2016,Senegal,2055620,18014270.0,Africa
2016,Saint Helena,1919852,414987.0,Africa
2016,Sierra Leone,1791814,2474748.0,Africa
2016,Somalia,358854,463595.0,Africa
2016,South Sudan,33748,165961.0,Africa
2016,Sao Tome and Principe,108355,23.0,Africa
2016,Eswatini,4400961,1111680.0,Africa
2016,Seychelles,2748807,8027197.0,Africa
2016,Chad,19028,1143069.0,Africa
2016,Togo,10081096,3384704.0,Africa
2016,Tunisia,21553876,13119670.0,Africa
2016,Tanzania,8909933,69660539.0,Africa
2016,Uganda,3146474,5635052.0,Africa
2016,South Africa,796507673,817286512.0,Africa
2016,Zambia,690774,39561173.0,Africa
2016,Zimbabwe,577119,9274507.0,Africa
2016,Afghanistan,256669,13935082.0,Asia
2016,United Arab Emirates,1390153756,2218496455.0,Asia
2016,Armenia,415259,2700716.0,Asia
2016,Azerbaijan,275018,7723283.0,Asia
2016,Bangladesh,659584379,611950706.0,Asia
2016,Bahrain,33380338,545328685.0,Asia
2016,Brunei,215776480,40374773.0,Asia
2016,Bhutan,774816,67030.0,Asia
2016,Cocos (Keeling) Islands,55129,4840301.0,Asia
2016,China,41725773123,66943159392.0,Asia
2016,Christmas Island,2126914,20306920.0,Asia
2016,Cyprus,21863218,3569732.0,Asia
2016,Georgia,3068380,2762015.0,Asia
2016,Hong Kong,754952067,7024691582.0,Asia
2016,Indonesia,3544301273,4671637317.0,Asia
2016,India,3232210077,12508378490.0,Asia
2016,Iran,84630758,89209716.0,Asia
2016,Iraq,66915,26336487.0,Asia
2016,Israel,702864820,213379302.0,Asia
2016,Jordan,24232690,146633741.0,Asia
2016,Japan,14070578532,28310488182.0,Asia
2016,Kazakhstan,5989554,25622876.0,Asia
2016,Kyrgyzstan,151761,2283384.0,Asia
2016,Cambodia,216376411,41552380.0,Asia
2016,South Korea,7823428637,14184595665.0,Asia
2016,Kuwait,15125465,490096649.0,Asia
2016,Laos,8646539,16431994.0,Asia
2016,Lebanon,15298149,38673782.0,Asia
2016,Sri Lanka,171702191,194424473.0,Asia
2016,Macau,12175816,87033848.0,Asia
2016,Maldives,951580,35070330.0,Asia
2016,Burma,31716619,206520778.0,Asia
2016,Mongolia,2253579,22146263.0,Asia
2016,Malaysia,6845420679,4437384574.0,Asia
2016,Nepal,7387801,42099377.0,Asia
2016,Oman,36084070,316934230.0,Asia
2016,Pakistan,281240235,502953668.0,Asia
2016,Philippines,668063162,1555056148.0,Asia
2016,Palestine,60198,5444208.0,Asia
2016,Qatar,199397420,489095570.0,Asia
2016,Saudi Arabia,394955838,1241374657.0,Asia
2016,Singapore,5857031722,4170692586.0,Asia
2016,Syria,1091213,424357.0,Asia
2016,Thailand,11309515063,3049366560.0,Asia
2016,Tajikistan,13292,221746.0,Asia
2016,Turkmenistan,1599812,981768.0,Asia
2016,Timor-Leste,1405384,25091892.0,Asia
2016,Turkey,821028069,703977515.0,Asia
2016,Uzbekistan,17633,127952.0,Asia
2016,Vietnam,3203234482,2942856086.0,Asia
2016,Chinese Taipei,3412676253,5674590716.0,Asia
2016,Yemen,16529,188653990.0,Asia
2016,Albania,1823516,1826592.0,Europe
2016,Andorra,84410,55224.0,Europe
2016,Austria,1064456134,115885186.0,Europe
2016,Belgium,1433041022,616013555.0,Europe
2016,Bulgaria,47470111,41176004.0,Europe
2016,Bosnia and Herzegovina,20108544,26265794.0,Europe
2016,Belarus,4000611,13310918.0,Europe
2016,Switzerland,2475540710,1484081171.0,Europe
2016,Czechia,481195445,141741101.0,Europe
2016,Germany,9934780016,1766239060.0,Europe
2016,Denmark,971213991,119267234.0,Europe
2016,Spain,1532408027,522037134.0,Europe
2016,Estonia,51135751,8979617.0,Europe
2016,Finland,515902439,89417484.0,Europe
2016,France,2604311935,1008755358.0,Europe
2016,United Kingdom,5295313159,7327036559.0,Europe
2016,Gibraltar,16797,21384.0,Europe
2016,Greece,160099523,14320911.0,Europe
2016,Croatia,36421619,11974317.0,Europe
2016,Hungary,450061781,43198880.0,Europe
2016,Ireland,1925737081,132973137.0,Europe
2016,Iceland,18680253,137141429.0,Europe
2016,Italy,4043664129,571025044.0,Europe
2016,Lithuania,39646014,6805283.0,Europe
2016,Luxembourg,26579564,4406359.0,Europe
2016,Latvia,15061571,4320698.0,Europe
2016,Moldova,1074228,697571.0,Europe
2016,North Macedonia,7597848,3660699.0,Europe
2016,Malta,17780100,4883068.0,Europe
2016,Montenegro,356493,323018.0,Europe
2016,Netherlands,2027507644,1804257619.0,Europe
2016,Norway,223318757,79710189.0,Europe
2016,Poland,669214113,304256346.0,Europe
2016,Portugal,152687670,16503374.0,Europe
2016,Romania,167616015,42322929.0,Europe
2016,Russia,167309849,435596547.0,Europe
2016,Serbia,14756950,4240356.0,Europe
2016,Slovakia,228093205,30529686.0,Europe
2016,Slovenia,99310485,53820971.0,Europe
2016,Sweden,1500015022,252240205.0,Europe
2016,Ukraine,19443897,59859220.0,Europe
2016,Antigua and Barbuda,618598,904412.0,North America
2016,Bahamas,1879237,4990820.0,North America
2016,Belize,870050,902796.0,North America
2016,Bermuda,214367,895151.0,North America
2016,Barbados,893838,5704003.0,North America
2016,Canada,1445042350,1643348447.0,North America
2016,Costa Rica,70075590,12250586.0,North America
2016,Cuba,8487007,1136969.0,North America
2016,Cura?ao,212588,1169720.0,North America
2016,Cayman Islands,691802,345219.0,North America
2016,Dominica,209005,219693.0,North America
2016,Dominican Republic,53808125,9862319.0,North America
2016,Grenada,64829,186847.0,North America
2016,Guatemala,10607959,5630547.0,North America
2016,Honduras,16776763,1926229.0,North America
2016,Haiti,1669042,1494086.0,North America
2016,Jamaica,1317355,14706880.0,North America
2016,Saint Kitts and Nevis,83780,804280.0,North America
2016,Saint Lucia,31900,1372992.0,North America
2016,Mexico,1508058066,328899358.0,North America
2016,Montserrat,39462,711.0,North America
2016,Nicaragua,15098897,7878337.0,North America
2016,Panama,6195716,40695368.0,North America
2016,El Salvador,7140369,23763044.0,North America
2016,Turks and Caicos Islands,13453,4917.0,North America
2016,Trinidad and Tobago,5703940,18274270.0,North America
2016,United States,20901685537,8568327524.0,North America
2016,Saint Vincent and the Grenadines,2504,878532.0,North America
2016,British Virgin Islands,4142365,978068.0,North America
2016,American Samoa,9797580,6391493.0,Oceania
2016,Cook Islands,471365,5302066.0,Oceania
2016,Fiji,164155398,374678878.0,Oceania
2016,Micronesia,10105,6899718.0,Oceania
2016,Guam,188921,8857023.0,Oceania
2016,Kiribati,548705,29467690.0,Oceania
2016,Marshall Islands,463419,2961888.0,Oceania
2016,Northern Mariana Islands,3130,3485924.0,Oceania
2016,New Caledonia,22028876,239100244.0,Oceania
2016,Norfolk Island,72770,5873763.0,Oceania
2016,Niue,31486,142092.0,Oceania
2016,Nauru,4059651,28552860.0,Oceania
2016,New Zealand,5721411645,5659437408.0,Oceania
2016,Pitcairn Islands,11113,53067.0,Oceania
2016,Palau,1542,2255654.0,Oceania
2016,Papua New Guinea,2617274863,1186716327.0,Oceania
2016,French Polynesia,1771816,41271299.0,Oceania
2016,Solomon Islands,8154582,91401308.0,Oceania
2016,Tonga,1480578,13323584.0,Oceania
2016,Tuvalu,99949,1739147.0,Oceania
2016,Vanuatu,1189846,49936364.0,Oceania
2016,Samoa,27123498,36901090.0,Oceania
2016,Argentina,533079783,169063842.0,South America
2016,Bolivia,140648548,5612446.0,South America
2016,Brazil,464054339,898238928.0,South America
2016,Chile,389886007,340285690.0,South America
2016,Colombia,51786565,49529578.0,South America
2016,Ecuador,19959112,22213765.0,South America
2016,Falkland Islands,23986,130210.0,South America
2016,Guyana,284312,3762697.0,South America
2016,Peru,265852365,115790655.0,South America
2016,Paraguay,3402981,2316388.0,South America
2016,Suriname,340383,2050118.0,South America
2016,Uruguay,17120035,10907108.0,South America
2016,Venezuela,667620,9929137.0,South America
2017,Angola,1658171,28766449.0,Africa
2017,Burundi,231429,297337.0,Africa
2017,Benin,28154,2901050.0,Africa
2017,Burkina Faso,259437,30521571.0,Africa
2017,Botswana,3217007,2981362.0,Africa
2017,Central African Republic,163261,377197.0,Africa
2017,Cote d'Ivoire,10322010,49611761.0,Africa
2017,Cameroon,925136,6685132.0,Africa
2017,Democratic Republic of the Congo,350971,40758382.0,Africa
2017,Republic of the Congo,253822163,1154606.0,Africa
2017,Comoros,24199,7878.0,Africa
2017,Cape Verde,239650,32964.0,Africa
2017,Djibouti,1399573,3177369.0,Africa
2017,Algeria,169557187,52950923.0,Africa
2017,Egypt,46693873,441751667.0,Africa
2017,Eritrea,35530,1798956.0,Africa
2017,Ethiopia,22356629,19522320.0,Africa
2017,Gabon,416912597,1435091.0,Africa
2017,Ghana,61218173,115296348.0,Africa
2017,Guinea,72933,5684796.0,Africa
2017,Gambia,16109,41937.0,Africa
2017,Equatorial Guinea,19236476,312762.0,Africa
2017,Kenya,26399473,88979207.0,Africa
2017,Liberia,414742,845202.0,Africa
2017,Libya,22779489,730272.0,Africa
2017,Lesotho,792201,46825.0,Africa
2017,Morocco,48227378,43836119.0,Africa
2017,Madagascar,14142388,15002197.0,Africa
2017,Mali,2115334,21447908.0,Africa
2017,Mozambique,20433781,438457274.0,Africa
2017,Mauritania,17322,12628072.0,Africa
2017,Mauritius,14502972,110436352.0,Africa
2017,Malawi,689465,13586514.0,Africa
2017,Namibia,8336069,18061808.0,Africa
2017,Niger,1514181,3691852.0,Africa
2017,Nigeria,350197721,171322405.0,Africa
2017,Rwanda,1158762,2161392.0,Africa
2017,Sudan,181333,18377978.0,Africa
2017,Senegal,1621637,37356996.0,Africa
2017,Saint Helena,1193848,541619.0,Africa
2017,Sierra Leone,12804513,3374014.0,Africa
2017,Somalia,118801,1069411.0,Africa
2017,South Sudan,3314,185498.0,Africa
2017,Sao Tome and Principe,71820,191471.0,Africa
2017,Eswatini,4942591,870313.0,Africa
2017,Seychelles,9018398,14648174.0,Africa
2017,Chad,24392,94996.0,Africa
2017,Togo,48915145,4119112.0,Africa
2017,Tunisia,21344128,10734280.0,Africa
2017,Tanzania,6016610,66255343.0,Africa
2017,Uganda,2285448,17329726.0,Africa
2017,South Africa,943234829,1161756280.0,Africa
2017,Zambia,1256535,43188639.0,Africa
2017,Zimbabwe,406381,2153236.0,Africa
2017,Afghanistan,390705,8145404.0,Asia
2017,United Arab Emirates,1569999039,2388909635.0,Asia
2017,Armenia,613785,4650629.0,Asia
2017,Azerbaijan,609266,7012377.0,Asia
2017,Bangladesh,662639153,911189579.0,Asia
2017,Bahrain,70401445,545877748.0,Asia
2017,Brunei,199262625,37866539.0,Asia
2017,Bhutan,913832,254826.0,Asia
2017,Cocos (Keeling) Islands,96421,4760303.0,Asia
2017,China,47466128458,84716316370.0,Asia
2017,Christmas Island,1321985,19213411.0,Asia
2017,Cyprus,25395397,5823991.0,Asia
2017,Georgia,4219783,9024665.0,Asia
2017,Hong Kong,654545181,10601239476.0,Asia
2017,Indonesia,3033645015,5571907359.0,Asia
2017,India,3997652617,17977755241.0,Asia
2017,Iran,40419433,123731505.0,Asia
2017,Iraq,37790,66973672.0,Asia
2017,Israel,730103587,183225804.0,Asia
2017,Jordan,18123666,120733844.0,Asia
2017,Japan,15397883910,35080840741.0,Asia
2017,Kazakhstan,4092373,20229631.0,Asia
2017,Kyrgyzstan,631060,4425601.0,Asia
2017,Cambodia,161191449,37843361.0,Asia
2017,South Korea,19658351408,17581183454.0,Asia
2017,Kuwait,32377658,499506592.0,Asia
2017,Laos,10525296,21781119.0,Asia
2017,Lebanon,16910815,47310637.0,Asia
2017,Sri Lanka,189801973,249791822.0,Asia
2017,Macau,5323542,91410041.0,Asia
2017,Maldives,983915,39225382.0,Asia
2017,Burma,39167883,230688814.0,Asia
2017,Mongolia,3730145,33122370.0,Asia
2017,Malaysia,8322690650,5130593793.0,Asia
2017,Nepal,7871093,47188564.0,Asia
2017,Oman,76399781,283334904.0,Asia
2017,Pakistan,275206021,597336129.0,Asia
2017,Philippines,662739832,2031555131.0,Asia
2017,Palestine,140000,6170257.0,Asia
2017,Qatar,235036839,445130678.0,Asia
2017,Saudi Arabia,457398260,1053932970.0,Asia
2017,Singapore,7500036212,4286146643.0,Asia
2017,Syria,730659,681270.0,Asia
2017,Thailand,11359937839,3542071513.0,Asia
2017,Tajikistan,13085,662610.0,Asia
2017,Turkmenistan,1748310,843748.0,Asia
2017,Timor-Leste,3107628,23163521.0,Asia
2017,Turkey,617578836,2809165052.0,Asia
2017,Uzbekistan,177057,650143.0,Asia
2017,Vietnam,3808893243,3789580505.0,Asia
2017,Chinese Taipei,3317696021,7670481262.0,Asia
2017,Yemen,15991,208026721.0,Asia
2017,Albania,1805539,3130633.0,Europe
2017,Andorra,98931,54928.0,Europe
2017,Austria,1287423538,63536323.0,Europe
2017,Belgium,1512515767,948857293.0,Europe
2017,Bulgaria,42822294,17999053.0,Europe
2017,Bosnia and Herzegovina,18571606,1738893.0,Europe
2017,Belarus,16728593,4661153.0,Europe
2017,Switzerland,2500193092,1855780972.0,Europe
2017,Czechia,454903141,158919640.0,Europe
2017,Germany,10717586977,1863244928.0,Europe
2017,Denmark,1135488934,214224463.0,Europe
2017,Spain,1934518634,644201298.0,Europe
2017,Estonia,62372528,9813270.0,Europe
2017,Finland,633145438,83008755.0,Europe
2017,France,2989066932,1298875849.0,Europe
2017,United Kingdom,5445677952,4948733282.0,Europe
2017,Gibraltar,71191,21321.0,Europe
2017,Greece,179243640,20306056.0,Europe
2017,Croatia,29999557,5766885.0,Europe
2017,Hungary,447856445,59856254.0,Europe
2017,Ireland,1313655399,113371067.0,Europe
2017,Iceland,24874854,211841432.0,Europe
2017,Italy,4502960733,682907685.0,Europe
2017,Lithuania,56325329,6103052.0,Europe
2017,Luxembourg,23795567,9610938.0,Europe
2017,Latvia,19424962,6811660.0,Europe
2017,Moldova,1385176,927740.0,Europe
2017,North Macedonia,6518290,3363253.0,Europe
2017,Malta,13274102,8185932.0,Europe
2017,Montenegro,433208,2087084.0,Europe
2017,Netherlands,2363693102,1940357549.0,Europe
2017,Norway,256609289,115062863.0,Europe
2017,Poland,781039803,464118600.0,Europe
2017,Portugal,178140277,46122197.0,Europe
2017,Romania,118318980,61478693.0,Europe
2017,Russia,348050753,484101413.0,Europe
2017,Serbia,16440123,6793572.0,Europe
2017,Slovakia,239688904,7281939.0,Europe
2017,Slovenia,132004687,100980771.0,Europe
2017,Sweden,1800224904,287088266.0,Europe
2017,Ukraine,21720415,80686070.0,Europe
2017,Antigua and Barbuda,2566684,1289376.0,North America
2017,Bahamas,3945363,8377830.0,North America
2017,Belize,1072756,223926.0,North America
2017,Bermuda,165921,943316.0,North America
2017,Barbados,1255558,2773411.0,North America
2017,Canada,1566186930,1475516802.0,North America
2017,Costa Rica,60631381,9081844.0,North America
2017,Cuba,9582755,684168.0,North America
2017,Cura?ao,19479321,1092020.0,North America
2017,Cayman Islands,12839481,930817.0,North America
2017,Dominica,70808,47348.0,North America
2017,Dominican Republic,49235306,18282122.0,North America
2017,Grenada,111166,964635.0,North America
2017,Guatemala,13551219,4409149.0,North America
2017,Honduras,31540305,3257610.0,North America
2017,Haiti,2056016,151155.0,North America
2017,Jamaica,1082971,16896416.0,North America
2017,Saint Kitts and Nevis,362547,798844.0,North America
2017,Saint Lucia,164679,1539167.0,North America
2017,Mexico,2065223950,184835474.0,North America
2017,Montserrat,51240,5397.0,North America
2017,Nicaragua,16437542,9612026.0,North America
2017,Panama,7256225,133557406.0,North America
2017,El Salvador,8056388,16740603.0,North America
2017,Turks and Caicos Islands,89707,1541.0,North America
2017,Trinidad and Tobago,7985460,24383783.0,North America
2017,United States,22788978937,9064951675.0,North America
2017,Saint Vincent and the Grenadines,69570,1621232.0,North America
2017,British Virgin Islands,5072222,125138.0,North America
2017,American Samoa,10888910,7392665.0,Oceania
2017,Cook Islands,149560,5786817.0,Oceania
2017,Fiji,172355465,389961624.0,Oceania
2017,Micronesia,5113,2976894.0,Oceania
2017,Guam,544520,6874563.0,Oceania
2017,Kiribati,1292253,23654071.0,Oceania
2017,Marshall Islands,146829,2036957.0,Oceania
2017,Northern Mariana Islands,898,1552663.0,Oceania
2017,New Caledonia,24235229,284212900.0,Oceania
2017,Norfolk Island,94712,5150199.0,Oceania
2017,Niue,5505,106655.0,Oceania
2017,Nauru,5854462,23795647.0,Oceania
2017,New Zealand,6188549915,6084536421.0,Oceania
2017,Pitcairn Islands,6060,45580.0,Oceania
2017,Palau,900916,2247318.0,Oceania
2017,Papua New Guinea,2536642802,1193916746.0,Oceania
2017,French Polynesia,1644664,45082031.0,Oceania
2017,Solomon Islands,14213410,104262172.0,Oceania
2017,Tonga,1717604,10488336.0,Oceania
2017,Tuvalu,135293,1906986.0,Oceania
2017,Vanuatu,1487433,47603894.0,Oceania
2017,Wallis and Futuna,847,2750055.0,Oceania
2017,Samoa,20317953,37347009.0,Oceania
2017,Argentina,633242965,258350413.0,South America
2017,Bolivia,149193958,5770178.0,South America
2017,Brazil,501254872,1291405810.0,South America
2017,Chile,341104318,336488085.0,South America
2017,Colombia,69273420,55858351.0,South America
2017,Ecuador,22589892,23077558.0,South America
2017,Falkland Islands,25188,187953.0,South America
2017,Guyana,477529,6367572.0,South America
2017,Peru,249541788,148319766.0,South America
2017,Paraguay,2733410,2734580.0,South America
2017,Suriname,544834,4762240.0,South America
2017,Uruguay,11467458,9008005.0,South America
2017,Venezuela,983598,1037226.0,South America
2018,Angola,43367783,34360631.0,Africa
2018,Burundi,787026,558987.0,Africa
2018,Benin,2227869,2504153.0,Africa
2018,Burkina Faso,171037,30597691.0,Africa
2018,Botswana,1240709,7157261.0,Africa
2018,Central African Republic,8310,874248.0,Africa
2018,Cote d'Ivoire,8540599,65896474.0,Africa
2018,Cameroon,1281793,3765620.0,Africa
2018,Democratic Republic of the Congo,297884,40821776.0,Africa
2018,Republic of the Congo,142302024,917291.0,Africa
2018,Comoros,50300,47826.0,Africa
2018,Cape Verde,68808,1460.0,Africa
2018,Djibouti,1408080,1818132.0,Africa
2018,Algeria,488966768,9029630.0,Africa
2018,Egypt,50571364,484956411.0,Africa
2018,Eritrea,18649,7069317.0,Africa
2018,Ethiopia,10006736,10717768.0,Africa
2018,Gabon,320773499,1656125.0,Africa
2018,Ghana,5242543,96235323.0,Africa
2018,Guinea,202895,8276734.0,Africa
2018,Gambia,35565,45910.0,Africa
2018,Kenya,30644956,65779336.0,Africa
2018,Liberia,53220,1112364.0,Africa
2018,Libya,198514687,1194506.0,Africa
2018,Lesotho,999499,128740.0,Africa
2018,Morocco,38896945,25334076.0,Africa
2018,Madagascar,18428915,18461963.0,Africa
2018,Mali,1341612,22539576.0,Africa
2018,Mozambique,9314162,528324431.0,Africa
2018,Mauritania,73841,10415986.0,Africa
2018,Mauritius,22999122,106608281.0,Africa
2018,Malawi,1480446,4570496.0,Africa
2018,Namibia,40929491,18667888.0,Africa
2018,Niger,1893940,1356605.0,Africa
2018,Nigeria,438257508,202106273.0,Africa
2018,Rwanda,1098235,4855307.0,Africa
2018,Sudan,104406,32286666.0,Africa
2018,Senegal,1372654,20200336.0,Africa
2018,Saint Helena,1211902,272319.0,Africa
2018,Sierra Leone,5014441,3333983.0,Africa
2018,Somalia,167355,858772.0,Africa
2018,South Sudan,3711,42027.0,Africa
2018,Sao Tome and Principe,31963,6405.0,Africa
2018,Eswatini,2101196,346685.0,Africa
2018,Seychelles,14225018,10407250.0,Africa
2018,Chad,55320,111495.0,Africa
2018,Togo,33849580,9810973.0,Africa
2018,Tunisia,27198428,6750896.0,Africa
2018,Tanzania,80837160,63661373.0,Africa
2018,Uganda,2297633,11474589.0,Africa
2018,South Africa,889087529,1411481702.0,Africa
2018,Zambia,14675462,39530902.0,Africa
2018,Zimbabwe,1333990,4548941.0,Africa
2018,Afghanistan,476403,4856968.0,Asia
2018,United Arab Emirates,2226313408,2592210633.0,Asia
2018,Armenia,1090955,3205691.0,Asia
2018,Azerbaijan,50003490,5658220.0,Asia
2018,Bangladesh,734391525,672992476.0,Asia
2018,Bahrain,84204089,895771759.0,Asia
2018,Brunei,534034340,44363591.0,Asia
2018,Bhutan,1475374,231144.0,Asia
2018,Cocos (Keeling) Islands,73193,3326286.0,Asia
2018,China,53391015055,87853494425.0,Asia
2018,Christmas Island,1295670,21296107.0,Asia
2018,Cyprus,26270283,4911449.0,Asia
2018,Georgia,2700320,24153930.0,Asia
2018,Hong Kong,910398908,8672970679.0,Asia
2018,Indonesia,3389503307,5201915028.0,Asia
2018,India,4046291629,18514641910.0,Asia
2018,Iran,52008768,131307015.0,Asia
2018,Iraq,186808,204404367.0,Asia
2018,Israel,657392707,226742356.0,Asia
2018,Jordan,43517191,110479091.0,Asia
2018,Japan,16689695659,41207511428.0,Asia
2018,Kazakhstan,6455498,26058374.0,Asia
2018,Kyrgyzstan,195831,1807542.0,Asia
2018,Cambodia,154911433,57739274.0,Asia
2018,South Korea,9905537182,19250022929.0,Asia
2018,Kuwait,44146547,350916731.0,Asia
2018,Laos,15546910,33110616.0,Asia
2018,Lebanon,19935607,35268398.0,Asia
2018,Sri Lanka,194454933,185298035.0,Asia
2018,Macau,39500108,96939211.0,Asia
2018,Maldives,2641219,35875804.0,Asia
2018,Burma,38513450,137196202.0,Asia
2018,Mongolia,1590705,41097405.0,Asia
2018,Malaysia,9279065425,6099665877.0,Asia
2018,Nepal,7403762,59136064.0,Asia
2018,Oman,55184032,271144248.0,Asia
2018,Pakistan,257150179,373827523.0,Asia
2018,Philippines,630591920,1809991580.0,Asia
2018,Palestine,220875,8849990.0,Asia
2018,Qatar,313494479,604557744.0,Asia
2018,Saudi Arabia,606216368,627485901.0,Asia
2018,Singapore,9428517237,5738101746.0,Asia
2018,Syria,490190,458860.0,Asia
2018,Thailand,11616250146,5245163252.0,Asia
2018,Tajikistan,14008,1824936.0,Asia
2018,Timor-Leste,701235,12206376.0,Asia
2018,Turkey,765385589,541892986.0,Asia
2018,Uzbekistan,144694,414187.0,Asia
2018,Vietnam,4276399462,4062052162.0,Asia
2018,Chinese Taipei,3745895133,8819639578.0,Asia
2018,Yemen,41142,219019266.0,Asia
2018,Albania,9359977,2313944.0,Europe
2018,Andorra,161080,14838.0,Europe
2018,Austria,1544781332,128424308.0,Europe
2018,Belgium,1450134466,787636997.0,Europe
2018,Bulgaria,53476483,90630003.0,Europe
2018,Bosnia and Herzegovina,15901047,1565360.0,Europe
2018,Belarus,32461039,8006636.0,Europe
2018,Switzerland,2786534776,1236798117.0,Europe
2018,Czechia,461368860,177524669.0,Europe
2018,Germany,11723860552,2101767048.0,Europe
2018,Denmark,1078930021,76993130.0,Europe
2018,Spain,1983477021,697890421.0,Europe
2018,Estonia,113913034,8999345.0,Europe
2018,Finland,838411794,88979104.0,Europe
2018,France,3304448653,1253708165.0,Europe
2018,United Kingdom,5587352781,3682132393.0,Europe
2018,Gibraltar,35380,65252.0,Europe
2018,Greece,204973739,25612879.0,Europe
2018,Croatia,35608184,3314809.0,Europe
2018,Hungary,491056480,56419098.0,Europe
2018,Ireland,1379425033,108407342.0,Europe
2018,Iceland,26694375,307739523.0,Europe
2018,Italy,4900255778,732309416.0,Europe
2018,Lithuania,97369078,4895752.0,Europe
2018,Luxembourg,29747893,48642685.0,Europe
2018,Latvia,54736726,11281408.0,Europe
2018,Moldova,1805188,933123.0,Europe
2018,North Macedonia,6575379,4222156.0,Europe
2018,Malta,12877059,5692028.0,Europe
2018,Montenegro,952876,485206.0,Europe
2018,Netherlands,2714333549,2356548163.0,Europe
2018,Norway,331141477,247042050.0,Europe
2018,Poland,718422150,434722853.0,Europe
2018,Portugal,247293070,37493159.0,Europe
2018,Romania,136549266,37702083.0,Europe
2018,Russia,171800770,600301219.0,Europe
2018,Serbia,20986690,6493300.0,Europe
2018,Slovakia,179159174,8256587.0,Europe
2018,Slovenia,150943417,38623805.0,Europe
2018,Sweden,2092196379,348299857.0,Europe
2018,Ukraine,50068300,56521638.0,Europe
2018,Anguilla,139972,4403.0,North America
2018,Antigua and Barbuda,2822840,1999542.0,North America
2018,Bahamas,4157661,4368971.0,North America
2018,Belize,855804,1666003.0,North America
2018,Bermuda,67846,534343.0,North America
2018,Barbados,307890,2357786.0,North America
2018,Canada,1581833332,1512114222.0,North America
2018,Costa Rica,49931394,9486685.0,North America
2018,Cuba,8887409,491219.0,North America
2018,Cura?ao,308243,753072.0,North America
2018,Cayman Islands,1005453,363634.0,North America
2018,Dominica,512995,567396.0,North America
2018,Dominican Republic,36578928,20132046.0,North America
2018,Grenada,4707,314659.0,North America
2018,Guatemala,15078359,6189699.0,North America
2018,Honduras,55316836,2533599.0,North America
2018,Haiti,2222770,548136.0,North America
2018,Jamaica,895983,24444149.0,North America
2018,Saint Kitts and Nevis,38929,744179.0,North America
2018,Saint Lucia,124585,2321230.0,North America
2018,Mexico,2282104324,185251182.0,North America
2018,Montserrat,14712,1318195.0,North America
2018,Nicaragua,13435054,6795453.0,North America
2018,Panama,12554505,119611087.0,North America
2018,El Salvador,7566128,24973983.0,North America
2018,Turks and Caicos Islands,23292,38034.0,North America
2018,Trinidad and Tobago,19058558,19090286.0,North America
2018,United States,23192824758,9831627412.0,North America
2018,Saint Vincent and the Grenadines,13313,3491549.0,North America
2018,British Virgin Islands,4616650,275057.0,North America
2018,American Samoa,7265041,6395270.0,Oceania
2018,Cook Islands,365377,8575856.0,Oceania
2018,Fiji,159671732,394499733.0,Oceania
2018,Micronesia,7844,4609241.0,Oceania
2018,Guam,86636,8237374.0,Oceania
2018,Kiribati,351004,19449441.0,Oceania
2018,Marshall Islands,1433214,2480206.0,Oceania
2018,Northern Mariana Islands,10574,3254013.0,Oceania
2018,New Caledonia,37463115,303708840.0,Oceania
2018,Norfolk Island,66512,4952522.0,Oceania
2018,Niue,1255,197181.0,Oceania
2018,Nauru,3292744,26058679.0,Oceania
2018,New Zealand,6320161004,5915788818.0,Oceania
2018,Pitcairn Islands,166423,176947.0,Oceania
2018,Palau,132270,1903927.0,Oceania
2018,Papua New Guinea,2654727396,1379104794.0,Oceania
2018,French Polynesia,3316087,48940432.0,Oceania
2018,Solomon Islands,11746054,100628229.0,Oceania
2018,Tonga,1799314,15065913.0,Oceania
2018,Tuvalu,85735,1200429.0,Oceania
2018,Vanuatu,1503215,53416078.0,Oceania
2018,Wallis and Futuna,13861,2513392.0,Oceania
2018,Samoa,8282898,40670497.0,Oceania
2018,Argentina,571899001,332298064.0,South America
2018,Bolivia,173095534,5937928.0,South America
2018,Brazil,501175471,1124459928.0,South America
2018,Chile,352525187,241195801.0,South America
2018,Colombia,65590590,52005818.0,South America
2018,Ecuador,22282209,22587519.0,South America
2018,Falkland Islands,16122,79270.0,South America
2018,Guyana,217649,5167873.0,South America
2018,Peru,221811382,108958410.0,South America
2018,Paraguay,2509271,1570150.0,South America
2018,Suriname,272660,4947041.0,South America
2018,Uruguay,6093704,10159882.0,South America
2018,Venezuela,3077072,1864432.0,South America
2019,Angola,725184,5929066.0,Africa
2019,Burundi,820382,394404.0,Africa
2019,Benin,15943,1418646.0,Africa
2019,Burkina Faso,207438,33146905.0,Africa
2019,Botswana,334068,13470523.0,Africa
2019,Central African Republic,66194,1499441.0,Africa
2019,Cote d'Ivoire,7720106,64539521.0,Africa
2019,Cameroon,446787,897195.0,Africa
2019,Democratic Republic of the Congo,859663,47554128.0,Africa
2019,Republic of the Congo,120542501,250504.0,Africa
2019,Comoros,6824,5282.0,Africa
2019,Cape Verde,51939,550863.0,Africa
2019,Djibouti,1290628,1220256.0,Africa
2019,Algeria,572330371,2974677.0,Africa
2019,Egypt,44923431,378853921.0,Africa
2019,Eritrea,20453,3578734.0,Africa
2019,Ethiopia,18610847,5254116.0,Africa
2019,Gabon,159474933,1402965.0,Africa
2019,Ghana,22703419,79655544.0,Africa
2019,Guinea,62756,3465399.0,Africa
2019,Gambia,7777,144141.0,Africa
2019,Guinea-Bissau,2767,85399.0,Africa
2019,Kenya,27684364,65552499.0,Africa
2019,Liberia,9697,359429.0,Africa
2019,Libya,570233444,2198356.0,Africa
2019,Lesotho,737423,38889.0,Africa
2019,Morocco,53054625,24016184.0,Africa
2019,Madagascar,15059417,12651926.0,Africa
2019,Mali,8768468,19682009.0,Africa
2019,Mozambique,4295799,381987933.0,Africa
2019,Mauritania,97925732,7178003.0,Africa
2019,Mauritius,17727643,80755051.0,Africa
2019,Malawi,1838907,7728409.0,Africa
2019,Namibia,8547936,16247355.0,Africa
2019,Niger,741238,1189132.0,Africa
2019,Nigeria,314431219,78463228.0,Africa
2019,Rwanda,1100256,1885109.0,Africa
2019,Sudan,392240,7045164.0,Africa
2019,Senegal,3075423,22986211.0,Africa
2019,Saint Helena,1201575,510867.0,Africa
2019,Sierra Leone,1571232,932393.0,Africa
2019,Somalia,118907,1135482.0,Africa
2019,South Sudan,47860,78489.0,Africa
2019,Eswatini,922672,420623.0,Africa
2019,Seychelles,7260384,12426804.0,Africa
2019,Chad,69255,29592.0,Africa
2019,Togo,15088639,5260601.0,Africa
2019,Tunisia,26161118,6177557.0,Africa
2019,Tanzania,5868497,149161734.0,Africa
2019,Uganda,2408769,9117153.0,Africa
2019,South Africa,815275021,1168583443.0,Africa
2019,Zambia,22141291,33983798.0,Africa
2019,Zimbabwe,348787,4002164.0,Africa
2019,Afghanistan,1979548,814275.0,Asia
2019,United Arab Emirates,1864095469,3152452934.0,Asia
2019,Armenia,1751210,2931699.0,Asia
2019,Azerbaijan,40117288,295308222.0,Asia
2019,Bangladesh,797702463,634892701.0,Asia
2019,Bahrain,71661987,864815749.0,Asia
2019,Brunei,817357363,42234254.0,Asia
2019,Bhutan,1165433,208903.0,Asia
2019,Cocos (Keeling) Islands,234958,4306013.0,Asia
2019,China,52972104121,110576000000.0,Asia
2019,Christmas Island,1721090,17190738.0,Asia
2019,Cyprus,22688048,9421985.0,Asia
2019,Georgia,3014989,76806343.0,Asia
2019,Hong Kong,491271841,5764975990.0,Asia
2019,Indonesia,2890933873,4535081360.0,Asia
2019,India,3205878662,15106208297.0,Asia
2019,Iran,17245553,40989645.0,Asia
2019,Iraq,73007,16511014.0,Asia
2019,Israel,664877123,228967274.0,Asia
2019,Jordan,47175456,112136344.0,Asia
2019,Japan,14626645998,41664273163.0,Asia
2019,Kazakhstan,9988754,49053261.0,Asia
2019,Kyrgyzstan,449281,4722337.0,Asia
2019,Cambodia,213570311,88104430.0,Asia
2019,South Korea,8230557965,18835723872.0,Asia
2019,Kuwait,21060825,362701375.0,Asia
2019,Laos,19608983,39753012.0,Asia
2019,Lebanon,18964508,32592625.0,Asia
2019,Sri Lanka,205885790,172017939.0,Asia
2019,Macau,7909627,61396014.0,Asia
2019,Maldives,2926736,43511144.0,Asia
2019,Burma,46418665,107267777.0,Asia
2019,Mongolia,40836898,44882782.0,Asia
2019,Malaysia,7376808416,6405108587.0,Asia
2019,Nepal,7584238,51113388.0,Asia
2019,Oman,13749556,275862634.0,Asia
2019,Pakistan,277155999,256369033.0,Asia
2019,Philippines,526546716,2086345783.0,Asia
2019,Palestine,348133,6863335.0,Asia
2019,Qatar,200906545,544023482.0,Asia
2019,Saudi Arabia,491326713,694754292.0,Asia
2019,Singapore,8068909844,6233665832.0,Asia
2019,Syria,1032200,110779.0,Asia
2019,Thailand,10426675278,3063137444.0,Asia
2019,Tajikistan,11194,395324.0,Asia
2019,Turkmenistan,15624,37094.0,Asia
2019,Timor-Leste,1638040,19060610.0,Asia
2019,Turkey,722246433,530885897.0,Asia
2019,Uzbekistan,455786,3259049.0,Asia
2019,Vietnam,3925322619,4665433710.0,Asia
2019,Chinese Taipei,3450188746,9138809868.0,Asia
2019,Yemen,77396787,298486299.0,Asia
2019,Albania,5629020,1404958.0,Europe
2019,Austria,1684923670,101313976.0,Europe
2019,Belgium,1376581804,870389204.0,Europe
2019,Bulgaria,68557092,22176002.0,Europe
2019,Bosnia and Herzegovina,14760529,1033786.0,Europe
2019,Belarus,21927567,9836765.0,Europe
2019,Switzerland,2634357013,1345700261.0,Europe
2019,Czechia,474550135,135500661.0,Europe
2019,Germany,10204492373,1989940201.0,Europe
2019,Denmark,953176827,161501778.0,Europe
2019,Spain,1822666649,483138483.0,Europe
2019,Estonia,148673957,19535490.0,Europe
2019,Finland,866882086,68430328.0,Europe
2019,France,3546933530,1256161992.0,Europe
2019,United Kingdom,5250856365,10575283315.0,Europe
2019,Gibraltar,9128,87491.0,Europe
2019,Greece,233275065,27692124.0,Europe
2019,Croatia,32241021,5867954.0,Europe
2019,Hungary,523096865,54333606.0,Europe
2019,Ireland,1272608310,87920858.0,Europe
2019,Iceland,20067115,185181493.0,Europe
2019,Italy,4506273504,581706196.0,Europe
2019,Lithuania,74419135,5385911.0,Europe
2019,Luxembourg,34101340,18901057.0,Europe
2019,Latvia,24984663,10630848.0,Europe
2019,Moldova,2240828,890132.0,Europe
2019,North Macedonia,7402572,3864790.0,Europe
2019,Malta,12322575,85033885.0,Europe
2019,Montenegro,265111,1217386.0,Europe
2019,Netherlands,2840582022,2173983562.0,Europe
2019,Norway,307935296,246242593.0,Europe
2019,Poland,769152888,495266865.0,Europe
2019,Portugal,174125789,13974351.0,Europe
2019,Romania,113414294,24846919.0,Europe
2019,Russia,291965411,656202830.0,Europe
2019,Serbia,21028516,6605811.0,Europe
2019,Slovakia,315428005,11378121.0,Europe
2019,Slovenia,121193091,78642018.0,Europe
2019,Sweden,1757898434,386331652.0,Europe
2019,Ukraine,61712860,86095049.0,Europe
2019,Antigua and Barbuda,433969,1485630.0,North America
2019,Bahamas,1926336,3709222.0,North America
2019,Belize,1330255,388613.0,North America
2019,Bermuda,160479,1561772.0,North America
2019,Barbados,556457,2892987.0,North America
2019,Canada,1731358971,1654088952.0,North America
2019,Costa Rica,46733217,6777788.0,North America
2019,Cuba,8721051,413374.0,North America
2019,Cayman Islands,109966,691809.0,North America
2019,Dominica,366241,267912.0,North America
2019,Dominican Republic,37621004,18467245.0,North America
2019,Grenada,52043,519714.0,North America
2019,Guatemala,15307443,3892191.0,North America
2019,Honduras,51888757,3424466.0,North America
2019,Haiti,2499340,165214.0,North America
2019,Jamaica,588617,27617679.0,North America
2019,Saint Kitts and Nevis,176672,731720.0,North America
2019,Saint Lucia,62496,2077162.0,North America
2019,Mexico,2014861598,218526774.0,North America
2019,Montserrat,12556,525.0,North America
2019,Nicaragua,9838868,7163522.0,North America
2019,Panama,9514217,75253463.0,North America
2019,El Salvador,7693761,10209734.0,North America
2019,Turks and Caicos Islands,2020,4851.0,North America
2019,Trinidad and Tobago,6295340,37307624.0,North America
2019,United States,24395385428,10295400417.0,North America
2019,Saint Vincent and the Grenadines,3100,2556003.0,North America
2019,British Virgin Islands,1929910,47833.0,North America
2019,American Samoa,11111558,7487676.0,Oceania
2019,Cook Islands,147658,6762049.0,Oceania
2019,Fiji,144532335,363330342.0,Oceania
2019,Micronesia,49362,3341670.0,Oceania
2019,Guam,658049,6503805.0,Oceania
2019,Kiribati,165181,12024445.0,Oceania
2019,Marshall Islands,56663,3633720.0,Oceania
2019,Northern Mariana Islands,1562,1273351.0,Oceania
2019,New Caledonia,14414602,303852864.0,Oceania
2019,Norfolk Island,136264,4404107.0,Oceania
2019,Niue,13916,580875.0,Oceania
2019,Nauru,5044869,24625158.0,Oceania
2019,New Zealand,5655477371,5959807295.0,Oceania
2019,Pitcairn Islands,1961,176545.0,Oceania
2019,Palau,97324,893170.0,Oceania
2019,Papua New Guinea,2847389779,1344150560.0,Oceania
2019,French Polynesia,2487244,45646941.0,Oceania
2019,Solomon Islands,5798423,53177092.0,Oceania
2019,Tonga,2141526,12787340.0,Oceania
2019,Tuvalu,120293,2214283.0,Oceania
2019,Vanuatu,1163138,47844439.0,Oceania
2019,Wallis and Futuna,12782,2588379.0,Oceania
2019,Samoa,7290452,46970623.0,Oceania
2019,Argentina,511876755,235660060.0,South America
2019,Bolivia,176696842,17009484.0,South America
2019,Brazil,490366189,907198437.0,South America
2019,Chile,388131755,225005775.0,South America
2019,Colombia,103437172,40942599.0,South America
2019,Ecuador,16846680,15815887.0,South America
2019,Falkland Islands,108948,169885.0,South America
2019,Guyana,261101,6601968.0,South America
2019,Peru,99404227,117488117.0,South America
2019,Paraguay,4030158,1178567.0,South America
2019,Suriname,247400,18180100.0,South America
2019,Uruguay,12749823,20611571.0,South America
2019,Venezuela,583265,4417994.0,South America
2020,Angola,142424,6356486.0,Africa
2020,Burundi,520764,877318.0,Africa
2020,Benin,974190,785330.0,Africa
2020,Burkina Faso,171224,17910335.0,Africa
2020,Botswana,883919,18192388.0,Africa
2020,Central African Republic,116139,610700.0,Africa
2020,Cote d'Ivoire,152205710,44422774.0,Africa
2020,Cameroon,962229,475560.0,Africa
2020,Democratic Republic of the Congo,1358774,45047233.0,Africa
2020,Republic of the Congo,37829938,12812042.0,Africa
2020,Comoros,53158,64278.0,Africa
2020,Cape Verde,26347,9619.0,Africa
2020,Djibouti,355811,1158023.0,Africa
2020,Algeria,102072813,3487590.0,Africa
2020,Egypt,243390734,330911617.0,Africa
2020,Eritrea,4533,1861537.0,Africa
2020,Ethiopia,16658852,12565530.0,Africa
2020,Gabon,131250617,18646406.0,Africa
2020,Ghana,188302838,65719379.0,Africa
2020,Guinea,93248,5042509.0,Africa
2020,Gambia,52880,108284.0,Africa
2020,Kenya,23850099,67393210.0,Africa
2020,Liberia,13425,404845.0,Africa
2020,Libya,32207049,434250.0,Africa
2020,Lesotho,760614,231222.0,Africa
2020,Morocco,57705147,23553655.0,Africa
2020,Madagascar,10708061,11887840.0,Africa
2020,Mali,283662717,19175863.0,Africa
2020,Mozambique,22799259,194110421.0,Africa
2020,Mauritania,93196240,9725517.0,Africa
2020,Mauritius,11266765,70291769.0,Africa
2020,Malawi,294006,926849.0,Africa
2020,Namibia,7514628,17158283.0,Africa
2020,Niger,1298915,599762.0,Africa
2020,Nigeria,188444017,37634494.0,Africa
2020,Rwanda,800806,3473107.0,Africa
2020,Sudan,71887,4876304.0,Africa
2020,Senegal,206551062,21552585.0,Africa
2020,Saint Helena,654540,93669.0,Africa
2020,Sierra Leone,1632865,1192216.0,Africa
2020,Somalia,110275,507519.0,Africa
2020,South Sudan,32450,359885.0,Africa
2020,Sao Tome and Principe,10748,9892.0,Africa
2020,Eswatini,513342,421688.0,Africa
2020,Seychelles,4610975,7313716.0,Africa
2020,Chad,304289,259460.0,Africa
2020,Togo,9360591,3793852.0,Africa
2020,Tunisia,25641523,5412240.0,Africa
2020,Tanzania,5562199,44551319.0,Africa
2020,Uganda,2682067,9336486.0,Africa
2020,South Africa,768483596,731328321.0,Africa
2020,Zambia,8643077,24111369.0,Africa
2020,Zimbabwe,416611,4278293.0,Africa
2020,Afghanistan,1017954,21835597.0,Asia
2020,United Arab Emirates,1497668000,1781822742.0,Asia
2020,Armenia,1110581,2443174.0,Asia
2020,Azerbaijan,73088515,4692335.0,Asia
2020,Bangladesh,753211886,556667997.0,Asia
2020,Bahrain,89413986,774699419.0,Asia
2020,Brunei,821979240,164276972.0,Asia
2020,Bhutan,991,996074.0,Asia
2020,Cocos (Keeling) Islands,642292,3947520.0,Asia
2020,China,57281856527,102842000000.0,Asia
2020,Christmas Island,12893,13858290.0,Asia
2020,Cyprus,29733870,6031613.0,Asia
2020,Georgia,10627189,17345045.0,Asia
2020,Hong Kong,934652895,5196358488.0,Asia
2020,Indonesia,3047069323,3886308613.0,Asia
2020,India,3701867509,11328379327.0,Asia
2020,Iran,18296354,10422805.0,Asia
2020,Iraq,147014,16194046.0,Asia
2020,Israel,572332773,201797008.0,Asia
2020,Jordan,39325721,88599596.0,Asia
2020,Japan,12241256226,31682448632.0,Asia
2020,Kazakhstan,13233032,25392821.0,Asia
2020,Kyrgyzstan,353270,11212457.0,Asia
2020,Cambodia,224750821,120984534.0,Asia
2020,South Korea,6375533997,17150871317.0,Asia
2020,Kuwait,1493983,295642554.0,Asia
2020,Laos,170752643,57522565.0,Asia
2020,Lebanon,21822975,18964291.0,Asia
2020,Sri Lanka,191001477,139579591.0,Asia
2020,Macau,54244308,51252484.0,Asia
2020,Maldives,1693534,11211289.0,Asia
2020,Burma,46853333,142978462.0,Asia
2020,Mongolia,1350405,38603346.0,Asia
2020,Malaysia,6387333909,4792312259.0,Asia
2020,Nepal,8043892,52600818.0,Asia
2020,Oman,40211942,254862841.0,Asia
2020,Pakistan,262065819,385205658.0,Asia
2020,Philippines,435445536,1232801522.0,Asia
2020,Palestine,435081,4433456.0,Asia
2020,Qatar,179660193,450692521.0,Asia
2020,Saudi Arabia,816167019,698751303.0,Asia
2020,Singapore,6240202763,7107615556.0,Asia
2020,Syria,1463087,384575.0,Asia
2020,Thailand,10352254435,2827720827.0,Asia
2020,Tajikistan,10082,139858.0,Asia
2020,Timor-Leste,678008,40745662.0,Asia
2020,Turkey,770926406,485467729.0,Asia
2020,Uzbekistan,113596,15345216.0,Asia
2020,Vietnam,4067243279,4960261286.0,Asia
2020,Chinese Taipei,3354557504,7117872929.0,Asia
2020,Yemen,47061,131592103.0,Asia
2020,Albania,2525200,918217.0,Europe
2020,Austria,1147673937,116565521.0,Europe
2020,Belgium,1502666316,683482707.0,Europe
2020,Bulgaria,60419959,77660639.0,Europe
2020,Bosnia and Herzegovina,15397875,857645.0,Europe
2020,Belarus,28579857,9238561.0,Europe
2020,Switzerland,2356429223,1875346409.0,Europe
2020,Czechia,503299255,104852763.0,Europe
2020,Germany,9677825278,1990400664.0,Europe
2020,Denmark,931391910,84728594.0,Europe
2020,Spain,1727118933,414542095.0,Europe
2020,Estonia,223169000,14629557.0,Europe
2020,Finland,937749619,165453189.0,Europe
2020,France,3259514481,1003017353.0,Europe
2020,United Kingdom,4961982665,10037413440.0,Europe
2020,Gibraltar,20483,477859.0,Europe
2020,Greece,248789621,40412736.0,Europe
2020,Croatia,30174125,11567466.0,Europe
2020,Hungary,441578396,50672072.0,Europe
2020,Ireland,1357081361,93144690.0,Europe
2020,Iceland,19195067,42390256.0,Europe
2020,Italy,4285072628,424036406.0,Europe
2020,Lithuania,122243022,8363674.0,Europe
2020,Luxembourg,25721661,7552254.0,Europe
2020,Latvia,45917295,12430787.0,Europe
2020,Moldova,2120772,1226363.0,Europe
2020,North Macedonia,7685471,3751531.0,Europe
2020,Malta,12834769,12042119.0,Europe
2020,Montenegro,610033,642158.0,Europe
2020,Netherlands,2543875734,1759829807.0,Europe
2020,Norway,258834641,157793070.0,Europe
2020,Poland,1011494564,278939502.0,Europe
2020,Portugal,203554426,14290391.0,Europe
2020,Romania,137304373,24636605.0,Europe
2020,Russia,157232941,584091972.0,Europe
2020,Serbia,35473040,8623953.0,Europe
2020,Slovakia,305218355,10311290.0,Europe
2020,Slovenia,136746601,56133088.0,Europe
2020,Sweden,1765792331,254254387.0,Europe
2020,Ukraine,54413840,25011226.0,Europe
2020,Anguilla,101641,22295.0,North America
2020,Antigua and Barbuda,103672,466678.0,North America
2020,Bahamas,1133050,3716486.0,North America
2020,Belize,4552752,219422.0,North America
2020,Bermuda,123804,1743589.0,North America
2020,Barbados,210080,4486933.0,North America
2020,Canada,1601648682,1719183853.0,North America
2020,Costa Rica,41404005,9256290.0,North America
2020,Cuba,6392461,185036.0,North America
2020,Cura?ao,208156,582190.0,North America
2020,Cayman Islands,352203,717845.0,North America
2020,Dominica,65477,151278.0,North America
2020,Dominican Republic,41831899,18865735.0,North America
2020,Grenada,115023,469649.0,North America
2020,Guatemala,14754177,3347968.0,North America
2020,Honduras,48929989,3036685.0,North America
2020,Haiti,1745573,505101.0,North America
2020,Jamaica,396297,20988449.0,North America
2020,Saint Kitts and Nevis,95014,887384.0,North America
2020,Saint Lucia,30287,1874695.0,North America
2020,Mexico,1862035108,160157993.0,North America
2020,Montserrat,250503,718.0,North America
2020,Nicaragua,8328904,8257085.0,North America
2020,Panama,5094198,47991080.0,North America
2020,El Salvador,5538844,6614041.0,North America
2020,Turks and Caicos Islands,8384,3711.0,North America
2020,Trinidad and Tobago,6347704,23436481.0,North America
2020,United States,24230072372,12325138607.0,North America
2020,Saint Vincent and the Grenadines,1486,2681417.0,North America
2020,British Virgin Islands,234665,179808.0,North America
2020,American Samoa,8092781,7843216.0,Oceania
2020,Cook Islands,353185,5226550.0,Oceania
2020,Fiji,140438428,282061450.0,Oceania
2020,Micronesia,5216,4244864.0,Oceania
2020,Guam,480837,7727337.0,Oceania
2020,Kiribati,1227033,19059396.0,Oceania
2020,Marshall Islands,283565,3885038.0,Oceania
2020,Northern Mariana Islands,22008,1297396.0,Oceania
2020,New Caledonia,6788417,259876665.0,Oceania
2020,Norfolk Island,83840,9038916.0,Oceania
2020,Niue,241442,257123.0,Oceania
2020,Nauru,318148,26458259.0,Oceania
2020,New Zealand,5165428483,5601126194.0,Oceania
2020,Palau,132645,998165.0,Oceania
2020,Papua New Guinea,2394014387,1125849104.0,Oceania
2020,French Polynesia,1814378,43823777.0,Oceania
2020,Solomon Islands,5138164,45780281.0,Oceania
2020,Tonga,1567036,12918574.0,Oceania
2020,Tuvalu,22530,1423744.0,Oceania
2020,Vanuatu,776996,38525878.0,Oceania
2020,Wallis and Futuna,479910,2095141.0,Oceania
2020,Samoa,2185876,19106026.0,Oceania
2020,Argentina,488636440,141452946.0,South America
2020,Bolivia,132700477,4615575.0,South America
2020,Brazil,498879676,551773435.0,South America
2020,Chile,346856071,286198474.0,South America
2020,Colombia,159934492,40838085.0,South America
2020,Ecuador,14273360,13774181.0,South America
2020,Falkland Islands,24903,34977.0,South America
2020,Guyana,396568,7260504.0,South America
2020,Peru,154238727,128574196.0,South America
2020,Paraguay,1683130,2049210.0,South America
2020,Suriname,535075,12812258.0,South America
2020,Uruguay,7462569,9176146.0,South America
2020,Venezuela,902958,1976579.0,South America
2021,Angola,54839638,4109697.0,Africa
2021,Burundi,527192,5189453.0,Africa
2021,Burkina Faso,458996,21807669.0,Africa
2021,Botswana,3373214,12312249.0,Africa
2021,Central African Republic,6271,148144.0,Africa
2021,Cote d'Ivoire,474626587,34742340.0,Africa
2021,Cameroon,1007579,582668.0,Africa
2021,Democratic Republic of the Congo,65873,8455986.0,Africa
2021,Republic of the Congo,69010162,1376409.0,Africa
2021,Cape Verde,54135,8380776.0,Africa
2021,Djibouti,700577,9112786.0,Africa
2021,Algeria,111102353,4042318.0,Africa
2021,Egypt,111912138,594275324.0,Africa
2021,Eritrea,441766,2891858.0,Africa
2021,Ethiopia,28401660,23508111.0,Africa
2021,Gabon,110861958,2824516.0,Africa
2021,Ghana,195988222,86719031.0,Africa
2021,Guinea,121436,4811595.0,Africa
2021,Gambia,13001,171472.0,Africa
2021,Guinea-Bissau,11077,2419.0,Africa
2021,Equatorial Guinea,880,471589.0,Africa
2021,Kenya,29315016,215487940.0,Africa
2021,Liberia,31358,1053332.0,Africa
2021,Libya,234942920,1972151.0,Africa
2021,Lesotho,409333,23917.0,Africa
2021,Morocco,273828641,32014970.0,Africa
2021,Madagascar,14094478,35520191.0,Africa
2021,Mali,332486846,5749183.0,Africa
2021,Mozambique,1365418,137302648.0,Africa
2021,Mauritania,139062362,8037772.0,Africa
2021,Mauritius,15315001,64910164.0,Africa
2021,Malawi,22242,32104931.0,Africa
2021,Namibia,8415516,14158170.0,Africa
2021,Niger,1893912,2785339.0,Africa
2021,Nigeria,69882031,63210970.0,Africa
2021,Rwanda,1996334,14077531.0,Africa
2021,Sudan,134552,55062167.0,Africa
2021,Senegal,219441523,35005160.0,Africa
2021,Sierra Leone,2793606,2541487.0,Africa
2021,Somalia,50384,1024876.0,Africa
2021,South Sudan,22391,416817.0,Africa
2021,Eswatini,532323,8506214.0,Africa
2021,Seychelles,4737549,4634099.0,Africa
2021,Chad,13669,127259.0,Africa
2021,Togo,18816067,2890857.0,Africa
2021,Tunisia,53087883,6125801.0,Africa
2021,Tanzania,7901870,100143136.0,Africa
2021,Uganda,2693175,34617282.0,Africa
2021,South Africa,896169849,1183627705.0,Africa
2021,Zambia,9851646,51193287.0,Africa
2021,Zimbabwe,417850,20880373.0,Africa
2021,Afghanistan,1365712,344175.0,Asia
2021,United Arab Emirates,1098583842,2122905911.0,Asia
2021,Armenia,2481777,6418559.0,Asia
2021,Azerbaijan,21498084,27240656.0,Asia
2021,Bangladesh,932922713,1056527889.0,Asia
2021,Bahrain,87523863,214148637.0,Asia
2021,Brunei,1548739087,394858416.0,Asia
2021,Bhutan,159613,3306979.0,Asia
2021,Cocos (Keeling) Islands,66629,6981745.0,Asia
2021,China,69986814580,138249000000.0,Asia
2021,Christmas Island,26289,21241661.0,Asia
2021,Cyprus,27823601,7326864.0,Asia
2021,Georgia,7254313,2624765.0,Asia
2021,Hong Kong,731203699,4754077178.0,Asia
2021,Indonesia,3639307960,7801339337.0,Asia
2021,India,6542431575,20547601632.0,Asia
2021,Iran,23906644,51028596.0,Asia
2021,Iraq,493877,23496602.0,Asia
2021,Israel,682062992,249950020.0,Asia
2021,Jordan,80439887,77206078.0,Asia
2021,Japan,15255166720,46971001478.0,Asia
2021,Kazakhstan,19787885,12725728.0,Asia
2021,Kyrgyzstan,214625,5935063.0,Asia
2021,Cambodia,275174572,132062523.0,Asia
2021,South Korea,9701761900,29440688812.0,Asia
2021,Kuwait,2942973,429561465.0,Asia
2021,Laos,693062769,77379164.0,Asia
2021,Lebanon,22412706,20292337.0,Asia
2021,Sri Lanka,274670673,320829563.0,Asia
2021,Macau,2552294,62076133.0,Asia
2021,Maldives,89633,42162478.0,Asia
2021,Burma,51072190,143049884.0,Asia
2021,Mongolia,906870,38375228.0,Asia
2021,Malaysia,9408771476,5383337486.0,Asia
2021,Nepal,11391965,213365719.0,Asia
2021,Oman,132177836,338787450.0,Asia
2021,Pakistan,345873134,758340744.0,Asia
2021,Philippines,611033911,1951582155.0,Asia
2021,Palestine,1016563,6646984.0,Asia
2021,Qatar,393120932,338588178.0,Asia
2021,Saudi Arabia,847533432,1510608039.0,Asia
2021,Singapore,10619575421,7506500544.0,Asia
2021,Syria,1799105,39094.0,Asia
2021,Thailand,12059973785,5329649045.0,Asia
2021,Tajikistan,5764,350253.0,Asia
2021,Timor-Leste,1157087,74727683.0,Asia
2021,Turkey,1014330738,1032581642.0,Asia
2021,Uzbekistan,282772,7469956.0,Asia
2021,Vietnam,4916681271,7736623044.0,Asia
2021,Chinese Taipei,4845610350,13235590980.0,Asia
2021,Yemen,164717,259035404.0,Asia
2021,Albania,3812764,1344002.0,Europe
2021,Austria,1305922406,106036177.0,Europe
2021,Belgium,2448169853,946010123.0,Europe
2021,Bulgaria,68437390,112147468.0,Europe
2021,Bosnia and Herzegovina,15071925,30955272.0,Europe
2021,Belarus,8337815,5348400.0,Europe
2021,Switzerland,2514446663,1610475404.0,Europe
2021,Czechia,643473922,131023584.0,Europe
2021,Germany,11608859225,2242133161.0,Europe
2021,Denmark,1171751337,199251766.0,Europe
2021,Spain,2066163810,639685507.0,Europe
2021,Estonia,113510790,8714526.0,Europe
2021,Finland,936210295,214510297.0,Europe
2021,France,3618304871,1098761323.0,Europe
2021,United Kingdom,5689126596,3265811166.0,Europe
2021,Gibraltar,11290,89976.0,Europe
2021,Greece,456938003,45977835.0,Europe
2021,Croatia,36508221,67907451.0,Europe
2021,Hungary,543036836,74248761.0,Europe
2021,Ireland,1505518469,94018185.0,Europe
2021,Iceland,26117658,93564632.0,Europe
2021,Italy,5241985305,774297871.0,Europe
2021,Lithuania,153928039,14568294.0,Europe
2021,Luxembourg,32491526,6158540.0,Europe
2021,Latvia,47418966,35846522.0,Europe
2021,Moldova,2544624,2687499.0,Europe
2021,North Macedonia,11006919,3646867.0,Europe
2021,Malta,15423958,7082625.0,Europe
2021,Montenegro,570689,19824999.0,Europe
2021,Netherlands,3602260765,2567812186.0,Europe
2021,Norway,325849182,226018793.0,Europe
2021,Poland,1146474785,460148324.0,Europe
2021,Portugal,291078374,34651373.0,Europe
2021,Romania,163024424,49912392.0,Europe
2021,Russia,294652126,782139409.0,Europe
2021,Serbia,46408852,21051459.0,Europe
2021,Slovakia,347399609,34824870.0,Europe
2021,Slovenia,141758326,145179955.0,Europe
2021,Sweden,1643761829,253712580.0,Europe
2021,Ukraine,72948569,146842893.0,Europe
2021,Anguilla,26421,10893.0,North America
2021,Antigua and Barbuda,83517,464089.0,North America
2021,Bahamas,40658,4399409.0,North America
2021,Belize,4066777,422205.0,North America
2021,Bermuda,168015,516859.0,North America
2021,Barbados,1858989,3369122.0,North America
2021,Canada,1910361819,1717390813.0,North America
2021,Costa Rica,54176782,10455436.0,North America
2021,Cuba,8553830,398573.0,North America
2021,Cura?ao,103655,293148.0,North America
2021,Cayman Islands,603485,1091161.0,North America
2021,Dominica,78174,5484.0,North America
2021,Dominican Republic,52684395,24168434.0,North America
2021,Grenada,3758,239073.0,North America
2021,Guatemala,23641880,5471676.0,North America
2021,Honduras,48571497,3879760.0,North America
2021,Haiti,1901220,194338.0,North America
2021,Jamaica,1593213,33007187.0,North America
2021,Saint Kitts and Nevis,165061,399247.0,North America
2021,Saint Lucia,27747,1084850.0,North America
2021,Mexico,2262019257,230136261.0,North America
2021,Nicaragua,15406756,18791052.0,North America
2021,Panama,10047992,55153842.0,North America
2021,El Salvador,9842803,9762537.0,North America
2021,Turks and Caicos Islands,60034,32043.0,North America
2021,Trinidad and Tobago,11479693,191216172.0,North America
2021,United States,25663292055,11116097544.0,North America
2021,Saint Vincent and the Grenadines,5997,286008.0,North America
2021,British Virgin Islands,152573,55010.0,North America
2021,American Samoa,7139053,7955183.0,Oceania
2021,Cook Islands,81788,5425280.0,Oceania
2021,Fiji,154235942,336053788.0,Oceania
2021,Micronesia,43133,4265926.0,Oceania
2021,Guam,597084,6587011.0,Oceania
2021,Kiribati,804500,19175874.0,Oceania
2021,Marshall Islands,100098,1975118.0,Oceania
2021,Northern Mariana Islands,77599,1115092.0,Oceania
2021,New Caledonia,13361502,309514265.0,Oceania
2021,Norfolk Island,122383,6970694.0,Oceania
2021,Niue,193732,128564.0,Oceania
2021,Nauru,3473909,33895494.0,Oceania
2021,New Zealand,8033556156,6704405447.0,Oceania
2021,Pitcairn Islands,1847,9183.0,Oceania
2021,Palau,131500,1223601.0,Oceania
2021,Papua New Guinea,1701450774,1129192277.0,Oceania
2021,French Polynesia,1669793,36647742.0,Oceania
2021,Solomon Islands,13060943,54324122.0,Oceania
2021,Tonga,1953381,16160432.0,Oceania
2021,Tuvalu,81145,2590156.0,Oceania
2021,Vanuatu,2386281,53931616.0,Oceania
2021,Wallis and Futuna,11872,2531770.0,Oceania
2021,Samoa,3977059,37614409.0,Oceania
2021,Argentina,320972784,364123255.0,South America
2021,Bolivia,183148692,3687311.0,South America
2021,Brazil,587922881,1284138046.0,South America
2021,Chile,473139798,398577530.0,South America
2021,Colombia,239568464,52662456.0,South America
2021,Ecuador,17248705,33865956.0,South America
2021,Falkland Islands,6312,115558.0,South America
2021,Guyana,348728,7704706.0,South America
2021,Peru,137848888,150935479.0,South America
2021,Paraguay,3156857,2352932.0,South America
2021,Suriname,2741106,10863270.0,South America
2021,Uruguay,13119477,80749686.0,South America
2021,Venezuela,1246268,8031559.0,South America
